domain,base_url,selector_hospital_names,official_url_examples,sources,total_records
13hospital.cn,http://www.13hospital.cn/,,http://www.13hospital.cn/home/detail/news?id=3313,官网url.txt,1
3-hospital-cqmu.com,http://www.3-hospital-cqmu.com/,,http://www.3-hospital-cqmu.com/rczp/rencaizhaopin/2023/0404/8578.html,官网url.txt,1
3fy.cdutcm.edu.cn,http://3fy.cdutcm.edu.cn/,,http://3fy.cdutcm.edu.cn/index.php?m=home&c=View&a=index&aid=303,官网url.txt,1
416h.com,https://www.416h.com/,,https://www.416h.com/main/list/1_132.html,官网url.txt,1
81rc.81.cn,http://81rc.81.cn/,,http://81rc.81.cn/news/2023-01/11/content_10211199.htm,官网url.txt,1
8888120.cn,http://www.8888120.cn/,,http://www.8888120.cn/editor/display.html?id=415d3o5c415d3s3g,官网url.txt,1
903yy.com.cn,https://www.903yy.com.cn/,,https://www.903yy.com.cn/Html/News/TongZhiGongGao/202506/202506126Sn8Hl9Se7Gh2364695.html,官网url.txt,1
abazhou.gov.cn,https://www.abazhou.gov.cn/,,https://www.abazhou.gov.cn/abazhou/c101965/202510/55624e4528c04da0885f35cdf500d6b7.shtml,官网url.txt,1
abjinchuan.gov.cn,https://www.abjinchuan.gov.cn/,,https://www.abjinchuan.gov.cn/jinchuanxian/c100053/202507/b8ff81004aa742e8bd090868f06d216f.shtml,官网url.txt,1
abzrmyy.cn,http://abzrmyy.cn/,,http://abzrmyy.cn/News/View.asp?ID=9123,官网url.txt,1
abzrmyy.com,http://www.abzrmyy.com/,,http://www.abzrmyy.com/News/View.asp?ID=8382,官网url.txt,1
anzhou.gov.cn,https://www.anzhou.gov.cn/,,https://www.anzhou.gov.cn/anzhou/c106079/202508/e38a4f04870e4911bb2fb70ee42493a2.shtml,官网url.txt,1
ayxzyyy.com,http://www.ayxzyyy.com/,,http://www.ayxzyyy.com/plus/advancedsearch.scjg,官网url.txt,1
azqfybjy.cn,http://www.azqfybjy.cn/,,http://www.azqfybjy.cn/content/?887.html,官网url.txt,1
baoxing.gov.cn,http://www.baoxing.gov.cn/,,http://www.baoxing.gov.cn/gongkai/show/48d54396ff4c9a2c43db3e80f57cc8ba.html,官网url.txt,1
beichuan.gov.cn,http://www.beichuan.gov.cn/,,http://www.beichuan.gov.cn/beichuan/c108474/202509/8eebe7fcada34a0685bc254697cc3dfe.shtml,官网url.txt,1
bishan.gov.cn,https://www.bishan.gov.cn/,,https://www.bishan.gov.cn/zwgk_241/gsgg/zlxx/202408/t20240827_13560967.html,官网url.txt,1
bsfybjy.com,https://www.bsfybjy.com/,,https://www.bsfybjy.com/rczp/zzzp/content_394743,官网url.txt,1
bt.gov.cn,http://www.bt.gov.cn/,,http://www.bt.gov.cn/zfxxgk/zfxxgknr/tzgg_31367/202309/t20230920_2556313.html,官网url.txt,1
bzqzf.gov.cn,http://www.bzqzf.gov.cn/,,http://www.bzqzf.gov.cn/zwgk/jbxxgk/gsgg/11626322.html,官网url.txt,1
bzsfybjy.cn,https://www.bzsfybjy.cn/,,https://www.bzsfybjy.cn/Article-2279.shtml,官网url.txt,1
bzswzzb.gov.cn,http://www.bzswzzb.gov.cn/,,http://www.bzswzzb.gov.cn/tzgg/22362974.html,官网url.txt,1
ccbc.org.cn,https://www.ccbc.org.cn/,,https://www.ccbc.org.cn/rlzy/20250722/307354.html,官网url.txt,1
ccphc.com.cn,http://www.ccphc.com.cn/,,http://www.ccphc.com.cn/html/content/24/01/2980.shtml,官网url.txt,1
cd120.com,http://www.cd120.com/,,http://www.cd120.com/public/notice/recruit/69976.html,官网url.txt,1
cd5120.cn,https://www.cd5120.cn/,,https://www.cd5120.cn/news_zxns/2024/1aMZ6mbW.html,官网url.txt,1
cd5120.com,https://www.cd5120.com/,,https://www.cd5120.com/news_zxns/2022/vbmQXrbY.html,官网url.txt,1
cdet-hospital.com,https://www.cdet-hospital.com/,,https://www.cdet-hospital.com/thread-5335-1.html,官网url.txt,1
cdhrss.chengdu.gov.cn,http://cdhrss.chengdu.gov.cn/,,http://cdhrss.chengdu.gov.cn/cdrsj/c136418/2021-08/09/content_187d5155996c4909ad5a980af312b970.shtml,官网url.txt,1
cdht.gov.cn,http://www.cdht.gov.cn/,,http://www.cdht.gov.cn/cdgxq/c139819/2021-09/16/content_fd5315e6b1af40f69d2c0509c7d05af4.shtml,官网url.txt,1
cdjjfy.com,https://www.cdjjfy.com/,,https://www.cdjjfy.com/zhaopin/zhiwei/,官网url.txt,1
cdlqyyy.com,https://www.cdlqyyy.com/,,https://www.cdlqyyy.com/newshow.aspx?mid=446&id=21388,官网url.txt,1
cdlyy.com,http://www.cdlyy.com/,,http://www.cdlyy.com/news-cont.aspx?mid=99&sid=&id=24130,官网url.txt,1
cdp.edu.cn,https://www.cdp.edu.cn/,,https://www.cdp.edu.cn/zzrsc/info/1033/1620.htm,官网url.txt,1
cdpta.cdhrss.chengdu.gov.cn,http://cdpta.cdhrss.chengdu.gov.cn/,,http://cdpta.cdhrss.chengdu.gov.cn/netpage/examinfo.do,官网url.txt,1
cdqingyang.gov.cn,http://www.cdqingyang.gov.cn/,,http://www.cdqingyang.gov.cn/gkml/zkly/1287808626404098048.shtml,官网url.txt,1
cdsjsby.com,http://www.cdsjsby.com/,,http://www.cdsjsby.com/a/zhaopinxinxi/20210726/306.html,官网url.txt,1
cdsxdqdsrmyy.com,http://www.cdsxdqdsrmyy.com/,,http://www.cdsxdqdsrmyy.com/view/607.html,官网url.txt,1
cdsxdqzyyy.cn,https://cdsxdqzyyy.cn/,,https://cdsxdqzyyy.cn/detail/3494.html,官网url.txt,1
cdtf.gov.cn,http://www.cdtf.gov.cn/,,http://www.cdtf.gov.cn/cdtfxq/c130530/2023-10/10/content_2d4abd9187454ad4a7be4fd2e2f76ac9.shtml,官网url.txt,1
cdutcm.edu.cn,https://cdutcm.edu.cn/,,https://cdutcm.edu.cn/rsc/rczp/zpgg/content_128674,官网url.txt,1
cdwh.gov.cn,http://www.cdwh.gov.cn/,,http://www.cdwh.gov.cn/wuhou/c109339/2022-12/30/content_2764038701fa4f6b8ee1a363a217776f.shtml,官网url.txt,1
cdwjw.chengdu.gov.cn,http://cdwjw.chengdu.gov.cn/,,http://cdwjw.chengdu.gov.cn/cdwjw/tzgg/2023-02/21/content_542033fadd584e22a0499d812a5f48b3.shtml,官网url.txt,1
cghhospital.org,https://www.cghhospital.org/,,https://www.cghhospital.org/deucate_pub/2023/NbWwJJby.html,官网url.txt,1
cghospital.com,http://www.cghospital.com/,,http://www.cghospital.com/html/content/24/04/24586.shtml,官网url.txt,1
cgj.luzhou.gov.cn,https://cgj.luzhou.gov.cn/,,https://cgj.luzhou.gov.cn/xxgk/tzggs/content_1051112,官网url.txt,1
chenghua.gov.cn,http://www.chenghua.gov.cn/,,http://www.chenghua.gov.cn/chqrmzfw/c144208/2023-03/20/content_a088574ff7e040c1a1e49d05862d74bb.shtml,官网url.txt,1
chfybjy.cn,http://www.chfybjy.cn/,,http://www.chfybjy.cn/go.html?url=xq2&k=ren_cai_zhao_pin&i=17840,官网url.txt,1
chfybjy.com,http://www.chfybjy.com/,,http://www.chfybjy.com/go.html?url=xq2&k=ren_cai_zhao_pin&i=15674,官网url.txt,1
chongzhou.gov.cn,http://www.chongzhou.gov.cn/,,http://www.chongzhou.gov.cn/chongzhou/c139022/2023-08/30/content_239b4b23f5e94365bbf92b7e6bdfbcbe.shtml,官网url.txt,1
chuanshan.gov.cn,https://www.chuanshan.gov.cn/,,https://www.chuanshan.gov.cn/gongkai/show/16c9b0c9d3aea74389c173ff00be5a9d.html,官网url.txt,1
ckxw.net,https://www.ckxw.net/,,https://www.ckxw.net/kszl/news/2023-12/1508_139619.shtml,官网url.txt,1
cnbz.gov.cn,https://www.cnbz.gov.cn/,,https://www.cnbz.gov.cn/xxgk/gsgg/13391153.html,官网url.txt,1
cncx.gov.cn,https://www.cncx.gov.cn/,,https://www.cncx.gov.cn/gongkai/show/20250908160929102.html,官网url.txt,1
cnqc.gov.cn,http://www.cnqc.gov.cn/,,http://www.cnqc.gov.cn/NewDetail.aspx?id=20210713083442455,官网url.txt,1
cnsnvc.edu.cn,https://www.cnsnvc.edu.cn/,,https://www.cnsnvc.edu.cn/info/1017/11190.htm,官网url.txt,1
cnxcrc.com,http://www.cnxcrc.com/,,http://www.cnxcrc.com/html/news/2022/0328/15959.htm,官网url.txt,1
cnyz.edu.cn,http://www.cnyz.edu.cn/,,http://www.cnyz.edu.cn/p/9/?StId=st_app_news_i_x638048796119935776,官网url.txt,1
cnzh.gov.cn,http://www.cnzh.gov.cn/,,http://www.cnzh.gov.cn/News/Detail/20210731084002643.html,官网url.txt,1
cq11hospital.cn,https://www.cq11hospital.cn/,,https://www.cq11hospital.cn//cqsjsby/html/zpzlNew/20250904/60398.html,官网url.txt,1
cq11yy.cn,http://www.cq11yy.cn/,,http://www.cq11yy.cn/cqsjsby/html/ywgk/20230130/20118.html,官网url.txt,1
cq7y.com,https://www.cq7y.com/,,https://www.cq7y.com/announcement_rczp/2023/0203860002090.htm,官网url.txt,1
cqcdc.org,http://www.cqcdc.org/,,http://www.cqcdc.org/index.php?a=shows&catid=14&id=1031,官网url.txt,1
cqch.cn,https://www.cqch.cn/,,https://www.cqch.cn/news_job/2021/pmbk8xdz.html,官网url.txt,1
cqck.gov.cn,http://www.cqck.gov.cn/,,http://www.cqck.gov.cn/bm/rlsbj/sydwzk/202507/t20250708_14798102.html,官网url.txt,1
cqcs.gov.cn,http://www.cqcs.gov.cn/,,http://www.cqcs.gov.cn/zwxx_164/gggs/202211/t20221118_11313268.html,官网url.txt,1
cqcsyy.cn,http://www.cqcsyy.cn/,,http://www.cqcsyy.cn/www/site/site_index_2_0.shtml,官网url.txt,1
cqdjxyy.cn,https://www.cqdjxyy.cn/,,https://www.cqdjxyy.cn/html/content/25/07/682.shtml,官网url.txt,1
cqdjxyy.com,http://www.cqdjxyy.com/,,http://www.cqdjxyy.com/html/yygg/zpxx/21/09/3580-1.html,官网url.txt,1
cqdjzyy.com,http://www.cqdjzyy.com/,,http://www.cqdjzyy.com/page51?article_id=1832,官网url.txt,1
cqdongnanhospital.com,http://www.cqdongnanhospital.com/,,http://www.cqdongnanhospital.com/html/xwdt/tzgg/22/03/3598.html,官网url.txt,1
cqfd.gov.cn,https://www.cqfd.gov.cn/,,https://www.cqfd.gov.cn/zwgk_200/fdzdgknr/qt/sydwzk/202510/t20251014_15077469.html,官网url.txt,1
cqgkyy.cn,http://www.cqgkyy.cn/,,http://www.cqgkyy.cn/html/content/21/09/1630.shtml,官网url.txt,1
cqhxyy.com,http://www.cqhxyy.com/,,http://www.cqhxyy.com/index.php?c=article&id=127,官网url.txt,1
cqjb.gov.cn,http://www.cqjb.gov.cn/,,http://www.cqjb.gov.cn/zwxx_190/bmjz/202211/t20221129_11343389.html,官网url.txt,1
cqjzc.edu.cn,https://www.cqjzc.edu.cn/,,https://www.cqjzc.edu.cn/info/1028/4520.htm,官网url.txt,1
cqkz.gov.cn,http://www.cqkz.gov.cn/,,http://www.cqkz.gov.cn/zwgk_238/zfxxgkml/sydwgz/202309/t20230928_12391259.html,官网url.txt,1
cqkzfybjy.com,https://www.cqkzfybjy.com/,,https://www.cqkzfybjy.com/html/rencaizhaopin/558.html,官网url.txt,1
cqlp.gov.cn,http://www.cqlp.gov.cn/,,http://www.cqlp.gov.cn/rlsbj/zwgk_28909/ryzp/202308/t20230822_12263454.html,官网url.txt,1
cqmu.bysjy.com.cn,http://cqmu.bysjy.com.cn/,,http://cqmu.bysjy.com.cn/detail/news?id=623469&type_id=7581,官网url.txt,1
cqmu.edu.cn,https://www.cqmu.edu.cn/,,https://www.cqmu.edu.cn/info/1068/3832.htm,官网url.txt,1
cqna.gov.cn,https://www.cqna.gov.cn/,,https://www.cqna.gov.cn/zwxx_254/gsgg/202510/t20251024_15111227.html,官网url.txt,1
cqnvc.com,http://www.cqnvc.com/,,http://www.cqnvc.com/info/1018/2943.htm,官网url.txt,1
cqqj.gov.cn,http://www.cqqj.gov.cn/,,http://www.cqqj.gov.cn/zwxx/gggs/202309/t20230915_12343920.html,官网url.txt,1
cqrc.net,https://www.cqrc.net/,,https://www.cqrc.net/government/item-25251.html,官网url.txt,1
cqrc120.com,http://www.cqrc120.com/,,http://www.cqrc120.com/human_resources/,官网url.txt,1
cqsdj.gov.cn,http://www.cqsdj.gov.cn/,,http://www.cqsdj.gov.cn/bmjz/bm/rlzyhshbzj/zfxxgkml_124879/sydwgkzp/202308/t20230829_12281238.html,官网url.txt,1
cqsfybjy.com,https://www.cqsfybjy.com/,,https://www.cqsfybjy.com/,官网url.txt,1
cqstl.gov.cn,https://www.cqsfybjy.com/,,https://www.cqstl.gov.cn/jz/tqz_70779/zwgk_70755/fdzdgknr_70758/qtgknr/qtxx/202510/t20251009_15065264.html,官网url.txt,1
cqstnqzyy.com,https://www.cqsfybjy.com/,,http://www.cqstnqzyy.com/html/content/21/08/1332.shtml,官网url.txt,1
cqszx.gov.cn,https://www.cqsfybjy.com/,,http://cqszx.gov.cn/zwgk_260/zfxxgkml_2/syryzkly/202108/t20210803_9537842.html,官网url.txt,1
cqszyy.com,https://www.cqsfybjy.com/,,http://www.cqszyy.com/index.php?s=/personnel/info/id/4364.html,官网url.txt,1
cqtn.gov.cn,https://www.cqsfybjy.com/,,https://www.cqtn.gov.cn/zwgk_184/sydwgkzp_tnqzf/202510/t20251027_15116070.html,官网url.txt,1
cqwl.gov.cn,https://www.cqsfybjy.com/,,https://cqwl.gov.cn/zwgk_170/zfxxgkmls/sydwgkzp/202508/t20250814_14902592.html,官网url.txt,1
cqws.gov.cn,https://www.cqsfybjy.com/,,http://www.cqws.gov.cn/xzfbm_73744/fzhggwyh_74252/zwgk_72016/zfxxgk/sydwgkzp/202509/t20250904_14967353.html,官网url.txt,1
cqws120.cn,https://www.cqsfybjy.com/,,http://www.cqws120.cn/zpyc/rczp/8222.html,官网url.txt,1
cqwsrc.com,https://www.cqsfybjy.com/,,http://cqwsrc.com/Jobs/NetJobsShow-51746-13.html,官网url.txt,1
cqwx.gov.cn,https://www.cqsfybjy.com/,,http://www.cqwx.gov.cn/bm/xrlsbj/zwgk_68174/fdzdgknr_68177/zkly/202508/t20250814_14902717.html,官网url.txt,1
cqybhr.com,https://www.cqsfybjy.com/,,http://www.cqybhr.com/notice/notice-show.php?id=1501,官网url.txt,1
cqyc.gov.cn,https://www.cqsfybjy.com/,,http://www.cqyc.gov.cn/zwgk_204/zfxxgk/zfxxgkml/qtfdzdgknr/qtzlp/202107/t20210727_9510073.html,官网url.txt,1
cqycqzyy.com,https://www.cqsfybjy.com/,,https://www.cqycqzyy.com/e/action/ShowInfo.php?classid=110&id=2870,官网url.txt,1
cqyygz.com,https://www.cqsfybjy.com/,,http://www.cqyygz.com/info/1023/12780.htm,官网url.txt,1
cqyyxyy.cn,https://www.cqsfybjy.com/,,http://www.cqyyxyy.cn/,官网url.txt,1
cqzl.vhzhaopin.com,https://www.cqsfybjy.com/,,http://cqzl.vhzhaopin.com/announceDetail/1bd0fd4c2018478e99acc71db5e66b15?noticeId=1bd0fd4c2018478e99acc71db5e66b15,官网url.txt,1
cqzxrmyy.com,https://www.cqsfybjy.com/,,https://www.cqzxrmyy.com/news_42/807.html,官网url.txt,1
cssdsyy.com,https://www.cqsfybjy.com/,,http://www.cssdsyy.com/2021/gonggao_0910/3807.html,官网url.txt,1
dachuan.gov.cn,https://www.cqsfybjy.com/,,https://www.dachuan.gov.cn/news-show-159505.html,官网url.txt,1
day.gov.cn,https://www.cqsfybjy.com/,,http://www.day.gov.cn/day/c138361/2023-10/10/content_b79ea35e2d4f42c5a9b832df39ecc2ef.shtml,官网url.txt,1
daying.gov.cn,https://www.cqsfybjy.com/,,https://www.daying.gov.cn/gongkai/show/407ff4795156fc8d0e10204aa9ac1c03.html,官网url.txt,1
dazu.gov.cn,https://www.cqsfybjy.com/,,http://www.dazu.gov.cn/qzfbm/qrlsbj/zwgk_53321/fdzdgknr_53323/gzgx/sydwzk/202108/t20210803_9536371.html,官网url.txt,1
dbsrcw.com,https://www.cqsfybjy.com/,,http://www.dbsrcw.com/,官网url.txt,1
dbxq.chengdu.gov.cn,https://www.cqsfybjy.com/,,http://dbxq.chengdu.gov.cn/dbxq/c140646/2024-04/18/content_09a65acf3cc74fa89341b1a0ff1835da.shtml,官网url.txt,1
deyang.gov.cn,https://www.cqsfybjy.com/,,https://www.deyang.gov.cn/gk/fjbm/fwjw/fadingnarong/gqgg/1912330.htm,官网url.txt,1
djy.gov.cn,https://www.cqsfybjy.com/,,http://www.djy.gov.cn/dyjgb_rmzfwz/c129255/2023-08/30/content_136fbe8017c14b88a83a9c8962e47885.shtml,官网url.txt,1
djysfybjy.com,https://www.cqsfybjy.com/,,http://www.djysfybjy.com/show-160-456-1.html,官网url.txt,1
djyszyy.com,https://www.cqsfybjy.com/,,http://www.djyszyy.com/news_show.aspx?id=111&channel=news,官网url.txt,1
djyylzx.com,https://www.cqsfybjy.com/,,http://www.djyylzx.com/newshow.aspx?mid=135&id=18043,官网url.txt,1
dp.gov.cn,https://www.cqsfybjy.com/,,https://www.dp.gov.cn/dprsj/info/1005/4751.htm,官网url.txt,1
dva.sc.gov.cn,https://www.cqsfybjy.com/,,https://dva.sc.gov.cn/tyjrswt/gsggsingle/2025/11/14/9504bb5b810749769505074dd7691244.shtml,官网url.txt,1
dxzyy.com,https://www.cqsfybjy.com/,,http://www.dxzyy.com/bencandy.php?fid=90&id=516,官网url.txt,1
dyjkqyy.com,https://www.cqsfybjy.com/,,http://www.dyjkqyy.com/a/tongzhigonggao/2022/1122/2576.html,官网url.txt,1
dykszx.cn,https://www.cqsfybjy.com/,,https://www.dykszx.cn/index.php?id=2765,官网url.txt,1
dykszx.com,https://www.cqsfybjy.com/,,https://www.dykszx.com/index.php?id=1735,官网url.txt,1
dylj120.com,https://www.cqsfybjy.com/,,http://www.dylj120.com/a/gonggao/2021/0716/205.html,官网url.txt,1
dymhc.cn,https://www.cqsfybjy.com/,,http://www.dymhc.cn/Html/NewsView.asp?ID=1716&SortID=22,官网url.txt,1
dymhc.com,https://www.cqsfybjy.com/,,"http://www.dymhc.com/Html/NewsList.asp?SortID=22&SortPath=0,22,",官网url.txt,1
dyxrmyy.com,https://www.cqsfybjy.com/,,https://www.dyxrmyy.com/index/detail/1977,官网url.txt,1
dzbjy.com,https://www.cqsfybjy.com/,,http://www.dzbjy.com/fuyouxinwen/tongzhigonggao/20210719/7467.html,官网url.txt,1
dzrsks.com.cn,https://www.cqsfybjy.com/,,http://www.dzrsks.com.cn/newsDetail/7220.html,官网url.txt,1
dzstcqrmyy.cn,https://www.cqsfybjy.com/,,http://www.dzstcqrmyy.cn/index.php?m=content&c=index&a=show&catid=9&id=1010,官网url.txt,1
dzstcqrmyy.com,https://www.cqsfybjy.com/,,http://www.dzstcqrmyy.com/index.php?m=content&c=index&a=show&catid=9&id=502,官网url.txt,1
dzstcqzyy.com,https://www.cqsfybjy.com/,,https://www.dzstcqzyy.com/index.php?m=content&c=index&a=show&catid=27&id=264,官网url.txt,1
eb.gov.cn,https://www.cqsfybjy.com/,,http://www.eb.gov.cn/ebyzzzx/ebrszk/202411/4e7115af4d674cdcb5716ff5f06e3799.shtml,官网url.txt,1
edu.sc.gov.cn,https://www.cqsfybjy.com/,,http://edu.sc.gov.cn/scedu/c100495/2024/4/3/dd0439f4689343b69c06fb547f8ea3f4.shtml,官网url.txt,1
emeishan.gov.cn,https://www.cqsfybjy.com/,,http://www.emeishan.gov.cn/emss/rszk/202504/da20b0e441234152bb72e692ab4122ab.shtml,官网url.txt,1
ems120.cn,https://www.cqsfybjy.com/,,http://www.ems120.cn/nd.jsp?id=316,官网url.txt,1
emsrmyy.cn,https://www.cqsfybjy.com/,,https://www.emsrmyy.cn/nd.jsp?fromColId=105&id=801,官网url.txt,1
emsrmyy.com,https://www.cqsfybjy.com/,,https://www.emsrmyy.com/nd.jsp?fromColId=105&id=593,官网url.txt,1
emtcm.com,https://www.cqsfybjy.com/,,https://www.emtcm.com/info/1021/6972.htm,官网url.txt,1
enyang120.com,https://www.cqsfybjy.com/,,http://www.enyang120.com/recruit/0930730.html,官网url.txt,1
et.airchina.com.cn,https://www.cqsfybjy.com/,,https://et.airchina.com.cn/cn/about_us/recruitment/ground_crew_info/184466.shtml,官网url.txt,1
eyq120.com,https://www.cqsfybjy.com/,,http://www.eyq120.com/go.htm?url=news_detail&id=65955,官网url.txt,1
f.wps.cn,https://www.cqsfybjy.com/,,https://f.wps.cn/g/Pjw4Jwh5/,官网url.txt,1
fjsfy.com,https://www.cqsfybjy.com/,,http://www.fjsfy.com:8001/report/0de0efc13cc14ab1898c7eafef0b2d32.htm,官网url.txt,1
fjsl.com.cn,https://www.cqsfybjy.com/,,http://www.fjsl.com.cn/info/22471.jspx,官网url.txt,1
fl.gov.cn,https://www.cqsfybjy.com/,,http://www.fl.gov.cn/zwxx_206/bmfw_20221017q/zpxx/sydwzp/202310/t20231031_12495309.html,官网url.txt,1
flqfybjy.com,https://www.cqsfybjy.com/,,http://www.flqfybjy.com/page38,官网url.txt,1
fsthr.com,https://www.cqsfybjy.com/,,https://www.fsthr.com/post/item.html?postID=21909,官网url.txt,1
fsxzyyy.com,https://www.cqsfybjy.com/,,http://www.fsxzyyy.com/rczp-View-422-1038.html,官网url.txt,1
fsyy.sxyyc.net,https://www.cqsfybjy.com/,,https://fsyy.sxyyc.net/info/1082/1631.htm,官网url.txt,1
fybj.net,https://www.cqsfybjy.com/,,https://www.fybj.net/news/2026/mep9o1aM.html,官网url.txt,1
gadj.gov.cn,https://www.cqsfybjy.com/,,http://www.gadj.gov.cn/news/noticeinfo.html?id=25d02f4acbcc4454bf5ea10611f3391f&num=1,官网url.txt,1
gajkq.guang-an.gov.cn,https://www.cqsfybjy.com/,,https://gajkq.guang-an.gov.cn/gjjgajjjskfq/c104015/pc/content/content_1976541768739262464.html,官网url.txt,1
gaoping.gov.cn,https://www.cqsfybjy.com/,,https://www.gaoping.gov.cn/xwdt/tzgg/bmgg/202507/t20250731_2233738.html,官网url.txt,1
gaoxian.gov.cn,https://www.cqsfybjy.com/,,http://www.gaoxian.gov.cn/zwgk/tzgg/202405/t20240530_1990377.html,官网url.txt,1
gaoxinqu.my.gov.cn,https://www.cqsfybjy.com/,,http://gaoxinqu.my.gov.cn/zwgk/gsgg/37436701.html,官网url.txt,1
gaszyyy.com,https://www.cqsfybjy.com/,,http://www.gaszyyy.com/contents/188/9516.html,官网url.txt,1
gaxz.cn,https://www.cqsfybjy.com/,,https://www.gaxz.cn/xxgk/news2/2024-06-27/497.html,官网url.txt,1
gk.chengdu.gov.cn,https://www.cqsfybjy.com/,,http://gk.chengdu.gov.cn/govInfo/detail.action?id=3502723&tn=2,官网url.txt,1
glxrmyy.cn,https://www.cqsfybjy.com/,,http://www.glxrmyy.cn/go-a956.htm,官网url.txt,1
gongkaoleida.com,https://www.cqsfybjy.com/,,https://www.gongkaoleida.com/user/article/1989600,官网url.txt,1
gongxian.gov.cn,https://www.cqsfybjy.com/,,http://www.gongxian.gov.cn/xxgk/fdzdgknr/zkly/202211/t20221121_1793146.html,官网url.txt,1
guang-an.gov.cn,https://www.cqsfybjy.com/,,http://www.guang-an.gov.cn/zfxxgk/xxgkxq/zfxxgk_xq.shtml?gkfwjg=%E5%B9%BF%E5%AE%89%E5%B8%82%E5%8D%AB%E7%94%9F%E5%81%A5%E5%BA%B7%E5%A7%94%E5%91%98%E4%BC%9A&path=/zfxxgk/zkly/2023-01/19/content_e3ed90c6e3104531b4f2d9b205ca6d44.shtml,官网url.txt,1
guanganqu.gov.cn,https://www.cqsfybjy.com/,,https://www.guanganqu.gov.cn/gaqrmzf/qtzk/pc/content/content_1964883872012492800.html,官网url.txt,1
guanghan.gov.cn,https://www.cqsfybjy.com/,,http://www.guanghan.gov.cn/gk/xxgk/jbxxgk/fd/gqgg/1654706.htm,官网url.txt,1
guipeibao.com,https://www.cqsfybjy.com/,,http://www.guipeibao.com/,官网url.txt,1
gulin.gov.cn,https://www.cqsfybjy.com/,,http://www.gulin.gov.cn/zwgk/fdzdgknr/rszl/content_82010,官网url.txt,1
gxq.leshan.gov.cn,https://www.cqsfybjy.com/,,https://gxq.leshan.gov.cn/sgxq/tzgg/202508/955769c4d8cf405d8a17329db25b0c2f.shtml,官网url.txt,1
gy072.com,https://www.cqsfybjy.com/,,http://www.gy072.com/article.html?id=38823,官网url.txt,1
gycch.com,https://www.cqsfybjy.com/,,https://www.gycch.com/list.html?cls1=2&cls2=20,官网url.txt,1
gyct.gov.cn,https://www.cqsfybjy.com/,,https://www.gyct.gov.cn/new/detail/20250815173358146.html,官网url.txt,1
gyjsws.com,https://www.cqsfybjy.com/,,https://www.gyjsws.com/article.html?id=10061,官网url.txt,1
gylzqzyy.com,https://www.cqsfybjy.com/,,http://gylzqzyy.com/xinwendongtai/tongzhigonggao/20210830/8279.html,官网url.txt,1
gysdsrmyy.cn,https://www.cqsfybjy.com/,,https://www.gysdsrmyy.cn/article.html?id=11558,官网url.txt,1
gyszyy.net,https://www.cqsfybjy.com/,,http://www.gyszyy.net/article.html?id=10479,官网url.txt,1
gz.sanxiahr.com,https://www.cqsfybjy.com/,,http://gz.sanxiahr.com/cnnews_1626325993807417648.html,官网url.txt,1
gzw.cq.gov.cn,https://www.cqsfybjy.com/,,http://gzw.cq.gov.cn/gqzp/202402/t20240201_12892070.html,官网url.txt,1
gzzrmyy.cn,https://www.cqsfybjy.com/,,https://www.gzzrmyy.cn/xxgk_rczp/010012900000830.html,官网url.txt,1
gzzrmyy.com,https://www.cqsfybjy.com/,,http://www.gzzrmyy.com/newsshow.php?cid=15&id=523,官网url.txt,1
gzzrsks.com.cn,https://www.cqsfybjy.com/,,http://www.gzzrsks.com.cn/newsDetail/26531.html,官网url.txt,1
hc.gov.cn,https://www.cqsfybjy.com/,,http://www.hc.gov.cn/bmjd/bm_100475/rlsbj/zwxx_101296/gkzp_1/202108/t20210803_9538111.html,官网url.txt,1
heishui.gov.cn,https://www.cqsfybjy.com/,,https://www.heishui.gov.cn/hsxrmzf/c100053/202507/277fa1c41bd04760ac7cb9634b84b011.shtml,官网url.txt,1
hejiang.gov.cn,https://www.cqsfybjy.com/,,http://www.hejiang.gov.cn/gk/fdzdgknr/rszl/content_182893,官网url.txt,1
hongyuan.gov.cn,https://www.cqsfybjy.com/,,https://www.hongyuan.gov.cn/hyxrmzf/c100053/202508/7a20511d4eb848c9965fb70fb5d69430.shtml,官网url.txt,1
hospital.cdut.edu.cn,https://www.cqsfybjy.com/,,http://www.hospital.cdut.edu.cn/info/1083/2134.htm,官网url.txt,1
hospital.cqu.edu.cn,https://www.cqsfybjy.com/,,http://hospital.cqu.edu.cn/info/1013/3082.htm,官网url.txt,1
hospital.hf.cas.cn,https://www.cqsfybjy.com/,,http://hospital.hf.cas.cn/hfzl/rczp_2019/zpxx_2019/202109/t20210903_660653.html,官网url.txt,1
hospital.swjtu.edu.cn,https://www.cqsfybjy.com/,,https://hospital.swjtu.edu.cn/info/1009/5948.htm,官网url.txt,1
hqbzb.scu.edu.cn,https://www.cqsfybjy.com/,,https://hqbzb.scu.edu.cn/info/1024/6893.htm,官网url.txt,1
hqjt.sicnu.edu.cn,https://www.cqsfybjy.com/,,https://hqjt.sicnu.edu.cn/p/22/?StId=st_app_news_i_x638971855814572397,官网url.txt,1
hr.hxsiyuan.cn,https://www.cqsfybjy.com/,,http://hr.hxsiyuan.cn:7000/front/jobDetail?id=93f602b9b75443d492b868fe5cd655f3&sessionid=678174347,官网url.txt,1
hr.liangjiang.gov.cn,https://www.cqsfybjy.com/,,http://hr.liangjiang.gov.cn/xy/ljrcw_content/2021-08/10/content_10209647.htm,官网url.txt,1
hr.motherchildren.com,https://www.cqsfybjy.com/,,https://hr.motherchildren.com:16800/recruit/front/jobDetail?id=14493f5ffd714e5cbf32bacf644f55d6,官网url.txt,1
hrd.cwnu.edu.cn,https://www.cqsfybjy.com/,,https://hrd.cwnu.edu.cn/info/1037/7962.htm,官网url.txt,1
hrss.gd.gov.cn,https://www.cqsfybjy.com/,,http://hrss.gd.gov.cn/zwgk/gsgg/content/post_3496800.html,官网url.txt,1
hrss.shandong.gov.cn,https://www.cqsfybjy.com/,,http://hrss.shandong.gov.cn/articles/ch00238/202107/568b6f59-a198-4bcd-8d55-f2e1aa88b1b7.shtml,官网url.txt,1
htrc114.com,https://www.cqsfybjy.com/,,http://www.htrc114.com/zhaokao_show.aspx?id=120,官网url.txt,1
huili.gov.cn,https://www.cqsfybjy.com/,,http://www.huili.gov.cn/zfxxgk/zfxxgknr/rszk/202302/t20230223_2441625.html,官网url.txt,1
huilirmyy.cn,https://www.cqsfybjy.com/,,https://www.huilirmyy.cn/go-a1444.htm,官网url.txt,1
hx-scetyy.com,https://www.cqsfybjy.com/,,https://www.hx-scetyy.com/info/1045/7291.htm,官网url.txt,1
hxhr.cd120.com,https://www.cqsfybjy.com/,,https://hxhr.cd120.com/recruit/index.html,官网url.txt,1
hxrc.com,https://www.cqsfybjy.com/,,https://www.hxrc.com/zpgg/364046a/main.html,官网url.txt,1
hxrs.cd120.com,https://www.cqsfybjy.com/,,https://hxrs.cd120.com/yh/recruit/frontIndex/jobDetails/255,官网url.txt,1
hys.gov.cn,https://www.cqsfybjy.com/,,https://www.hys.gov.cn/hysrmzfw/gsgg/pc/content/content_1783705473557798912.html,官网url.txt,1
hysrmyy120.com,https://www.cqsfybjy.com/,,https://www.hysrmyy120.com/nd.jsp?id=540&groupId=-1,官网url.txt,1
jdpta.com,https://www.cqsfybjy.com/,,http://www.jdpta.com/news/shownews.aspx?id=18416,官网url.txt,1
jgxdyrmyy.com,https://www.cqsfybjy.com/,,http://www.jgxdyrmyy.com/273.html,官网url.txt,1
jiajiang.gov.cn,https://www.cqsfybjy.com/,,http://www.jiajiang.gov.cn/jjx/jjgzgg/202505/5444121f39bf4eecaf04afcd102a568e.shtml,官网url.txt,1
jialing.gov.cn,https://www.cqsfybjy.com/,,https://www.jialing.gov.cn/zwgk/fdzdgknr/zkly/202507/t20250731_2233745.html,官网url.txt,1
jiangjin.gov.cn,https://www.cqsfybjy.com/,,http://www.jiangjin.gov.cn/zwxx_180/jjdt/202405/t20240506_13179355.html,官网url.txt,1
jiangyang.gov.cn,https://www.cqsfybjy.com/,,http://www.jiangyang.gov.cn/zwgk/fdzdgknr/rsjzkxx/qtks/content_96268,官网url.txt,1
jiangyou.gov.cn,https://www.cqsfybjy.com/,,https://www.jiangyou.gov.cn/jysrmzf/c104310/202601/61dbe127e1d84f2fbe9df5f6d3ab0755.shtml,官网url.txt,1
jingyan.gov.cn,https://www.cqsfybjy.com/,,http://www.jingyan.gov.cn/jyx/rsxx/202508/3def34af0337463da8ee5b3b2e631c18.shtml,官网url.txt,1
jinniu.gov.cn,https://www.cqsfybjy.com/,,http://www.jinniu.gov.cn/gkml/cdsjnqrlzyhshbzj/zkly/1286432161859108864.shtml,官网url.txt,1
jintang.gov.cn,https://www.cqsfybjy.com/,,http://www.jintang.gov.cn/jtxrlzy/c115116/2022-03/24/content_3109375ab4b2450c886f1b78bd4a9433.shtml,官网url.txt,1
jintangyy.com,https://www.cqsfybjy.com/,,http://www.jintangyy.com/newshow.aspx?mid=418&&id=11289,官网url.txt,1
jinyang.gov.cn,https://www.cqsfybjy.com/,,http://www.jinyang.gov.cn/zfxxgk_31494/zfxxgknr/tzgg_31367/202507/t20250731_2863260.html,官网url.txt,1
jiuye.swmu.edu.cn,https://www.cqsfybjy.com/,,https://jiuye.swmu.edu.cn/News/newsXiang.html?cateid=6be2cc63-b3f8-83f7-e23b-8e858e847abb&id=faa96fbb-443a-7f69-92bf-ef00521f7d62,官网url.txt,1
jjxrmyy.cn,https://www.cqsfybjy.com/,,https://www.jjxrmyy.cn/nd.jsp?fromColId=137&id=263,官网url.txt,1
jkh.gov.cn,https://www.cqsfybjy.com/,,http://www.jkh.gov.cn/jkhq/gggs/202507/4340526eabf044ae971f4907f0c01e94.shtml,官网url.txt,1
jkq.deyang.gov.cn,https://www.cqsfybjy.com/,,https://jkq.deyang.gov.cn/gk/zwgk/gqgg/1916837.htm,官网url.txt,1
jkq.my.gov.cn,https://www.cqsfybjy.com/,,http://jkq.my.gov.cn/yqyw/ggtz/42562071.html,官网url.txt,1
jkqgwh.cnbz.gov.cn,https://www.cqsfybjy.com/,,https://jkqgwh.cnbz.gov.cn/xxgk/zwgg/23206970.html,官网url.txt,1
job.mohrss.gov.cn,https://www.cqsfybjy.com/,,http://job.mohrss.gov.cn/sydwgg/149116.jhtml,官网url.txt,1
job.rc114.com,https://www.cqsfybjy.com/,,https://job.rc114.com/Exam/NewsInfo?gid=55ffe7f5-c0df-41eb-93a6-a6efcc10c246&token=227d08a5-62de-42d8-a7ba-58c895153400,官网url.txt,1
jobmd.cn,https://www.cqsfybjy.com/,,https://www.jobmd.cn/company/6215853.htm,官网url.txt,1
jtwch.com,https://www.cqsfybjy.com/,,https://www.jtwch.com/News/1/8ba7eae1-fbbb-446b-a160-5f1f6307ec24.html,官网url.txt,1
jy.scu.edu.cn,https://www.cqsfybjy.com/,,http://jy.scu.edu.cn/index/index/newsdetail.html?data=MDAwMDAwMDAwMJG6n3_Ed6imi4qQtMOeeZmKubamyGHRp7ugzc-GnZ2skMx9ZMN4gtKLipCwxKF0lZC5sq-0gqJv,官网url.txt,1
jy120.cc,https://www.cqsfybjy.com/,,http://jy120.cc/zhaobiaozhaopin/2662.html,官网url.txt,1
jy4yy.com,https://www.cqsfybjy.com/,,https://www.jy4yy.com/html/News/GongShi/202211/1Af2Iq7Ok1Jr2845220.html,官网url.txt,1
jyglj.sc.gov.cn,https://www.cqsfybjy.com/,,http://jyglj.sc.gov.cn/scjyglj/jintangjyzfgk/2023/4/23/26a265b6404946eda9b0b9ef16591286.shtml,官网url.txt,1
jysfybjy.com,https://www.cqsfybjy.com/,,https://www.jysfybjy.com/html/News/GongGao/202212/5Dk3Cc1Gq4Lq5912926.html,官网url.txt,1
jysfybjy.com.cn,https://www.cqsfybjy.com/,,https://www.jysfybjy.com.cn/Article/View?id=46857,官网url.txt,1
jysrc369.cn,https://www.cqsfybjy.com/,,http://www.jysrc369.cn/page.aspx?id=4789&classid=28,官网url.txt,1
jyszyyy.com,https://www.cqsfybjy.com/,,http://www.jyszyyy.com/tender_hr/show1029/,官网url.txt,1
jzg.gov.cn,https://www.cqsfybjy.com/,,https://www.jzg.gov.cn/jzgrmzf/c100053/202507/9f37b7bec2a1420b9f184375a620c00a.shtml,官网url.txt,1
kfyy.cq12349.cn,https://www.cqsfybjy.com/,,http://kfyy.cq12349.cn/,官网url.txt,1
kjc.my.gov.cn,https://www.cqsfybjy.com/,,https://kjc.my.gov.cn/myskjcgwh/c102110/202508/93a57c420a634497af3a876c6e9405d5.shtml,官网url.txt,1
kjcxq.my.gov.cn,https://www.cqsfybjy.com/,,https://kjcxq.my.gov.cn/kjcxq/c102305/202507/20ff194314b540c1b1b2366109952509.shtml,官网url.txt,1
ksbm.yibin.gov.cn,https://www.cqsfybjy.com/,,https://ksbm.yibin.gov.cn/,官网url.txt,1
langzhong.gov.cn,https://www.cqsfybjy.com/,,https://www.langzhong.gov.cn/xwdt/tzgg/bmgg/202507/t20250731_2234528.html,官网url.txt,1
lcsrmyy.cn,https://www.cqsfybjy.com/,,https://www.lcsrmyy.cn/Webs/p/Article/View.aspx?id=2340,官网url.txt,1
league.rc114.com,https://www.cqsfybjy.com/,,http://league.rc114.com/Union/NewsInfo?gid=1782716fb2e6459a9c00bbb3132717d3&cate=%E4%BA%BA%E4%BA%8B%E5%85%AC%E6%8B%9B,官网url.txt,1
longchang.gov.cn,https://www.cqsfybjy.com/,,https://www.longchang.gov.cn/lcs/gsgg/202310/bd68bbc6e9fe495a8f4bfe1669982a22.shtml,官网url.txt,1
longmatan.gov.cn,https://www.cqsfybjy.com/,,http://www.longmatan.gov.cn/zw/fdzdgknr/rszk1/content_69154,官网url.txt,1
longquanyi.gov.cn,https://www.cqsfybjy.com/,,http://www.longquanyi.gov.cn/lqyqzfmhwz_gb/c123877/2021-07/06/content_5c94a1ee5c5a4ffcba2958f1ca4f27da.shtml,官网url.txt,1
lprmyy.com,https://www.cqsfybjy.com/,,https://www.lprmyy.com/html/content/24/07/1490.shtml,官网url.txt,1
lsdc.gov.cn,https://www.cqsfybjy.com/,,http://www.lsdc.gov.cn/zfxxgk_85/fdzdgknr/rsxx/sydwkl/202305/t20230518_2484311.html,官网url.txt,1
lsfybjy.com,https://www.cqsfybjy.com/,,http://www.lsfybjy.com/show/841.html,官网url.txt,1
lspta.com.cn,https://www.cqsfybjy.com/,,http://www.lspta.com.cn/newsDetail/4010.html,官网url.txt,1
lsrc114.cn,https://www.cqsfybjy.com/,,http://www.lsrc114.cn/index/article.aspx?a=0816365FB850ECE9,官网url.txt,1
lssfybjy.cn,https://www.cqsfybjy.com/,,http://lssfybjy.cn/show/1350.html,官网url.txt,1
lsszq.gov.cn,https://www.cqsfybjy.com/,,http://www.lsszq.gov.cn/szq/rszk/202504/a7ffb0a40f46432899cd6db95e2cc0a9.shtml,官网url.txt,1
lsszyy.com,https://www.cqsfybjy.com/,,http://www.lsszyy.com/nd.jsp?id=1179,官网url.txt,1
lsz120.cn,https://www.cqsfybjy.com/,,https://www.lsz120.cn/news_pub/2091/1/,官网url.txt,1
luojiang.gov.cn,https://www.cqsfybjy.com/,,https://www.luojiang.gov.cn/gk/cdgk/fdzdgknr/zkly/1545573.htm,官网url.txt,1
luxian.gov.cn,https://www.cqsfybjy.com/,,http://www.luxian.gov.cn/zwgk/fdzdgknr/rszl/content_298873,官网url.txt,1
lxry.com.cn,https://www.cqsfybjy.com/,,https://www.lxry.com.cn/xinwenzhongxin/tongzhigonggao/20210809/7468.html,官网url.txt,1
lzq.gov.cn,https://www.cqsfybjy.com/,,http://www.lzq.gov.cn/news/show/20210902090317160.html,官网url.txt,1
lzsery.cn,https://www.cqsfybjy.com/,,http://www.lzsery.cn/public_ywgk/2020/K9b6YLaE.html,官网url.txt,1
lzsrsks.com,https://www.cqsfybjy.com/,,http://www.lzsrsks.com/News/NewsDetailed.aspx?newsId=4bc434659975454584b0b2365b9d9b9f,官网url.txt,1
lzsry.com,https://www.cqsfybjy.com/,,http://www.lzsry.com/go.htm?url=xqy&k=yi_yuan_gong_gao&id=11323,官网url.txt,1
lzxrmyy.com,https://www.cqsfybjy.com/,,http://www.lzxrmyy.com/news-cont.aspx?mid=106&id=7445,官网url.txt,1
m.cdzxy.com,https://www.cqsfybjy.com/,,https://m.cdzxy.com/tender_info/show6946/,官网url.txt,1
m.scsgkyy.com,https://www.cqsfybjy.com/,,https://m.scsgkyy.com/recruit/2023/vbmZQ9dY.html,官网url.txt,1
m.sczy120.com,https://www.cqsfybjy.com/,,https://m.sczy120.com/rcyj_zpgg1/2024/qaQ6W5bn.html,官网url.txt,1
m.shzyfy.com,https://www.cqsfybjy.com/,,https://m.shzyfy.com/hr_flow/2025/9aAnvObv.html,官网url.txt,1
mabian.gov.cn,https://www.cqsfybjy.com/,,http://www.mabian.gov.cn/mbyzzzx/openInfoAnnouncement/openinfo_list_province.shtml,官网url.txt,1
mail.pengzhou.gov.cn,https://www.cqsfybjy.com/,,http://mail.pengzhou.gov.cn/pzs/c111435/2023-06/09/content_189b2fdeb9e6480abb1aa9e4ec70ee2d.shtml,官网url.txt,1
maoxian.gov.cn,https://www.cqsfybjy.com/,,https://www.maoxian.gov.cn/mxrmzf/c100053/202507/04b744925fd94ff684f4995fb163b38d.shtml,官网url.txt,1
mbrmyy.com,https://www.cqsfybjy.com/,,http://www.mbrmyy.com/index/article/detail/id/1045.html,官网url.txt,1
mcxrmyy.cn,https://www.cqsfybjy.com/,,https://www.mcxrmyy.cn/nd.jsp?fromColId=2&id=929,官网url.txt,1
mingyipin.cn,https://www.cqsfybjy.com/,,http://mingyipin.cn/,官网url.txt,1
mk.cd5120.com,https://www.cqsfybjy.com/,,http://mk.cd5120.com:8085/service/zhaopinfront/personnelPolicy.html?type=1,官网url.txt,1
mn.gov.cn,https://www.cqsfybjy.com/,,http://www.mn.gov.cn/zfxxgk_31429/zfxxgknr/rsxx/202410/t20241028_2747091.html,官网url.txt,1
motherchildren.com,https://www.cqsfybjy.com/,,https://www.motherchildren.com/education_recruit_apply/2024/5eVE1WdE.html,官网url.txt,1
ms.gov.cn,https://www.cqsfybjy.com/,,https://www.ms.gov.cn/info/5471/1189595.htm,官网url.txt,1
msqrmyy.com,https://www.cqsfybjy.com/,,https://www.msqrmyy.com/contents/389/2125.html,官网url.txt,1
msrsks.com.cn,https://www.cqsfybjy.com/,,http://www.msrsks.com.cn/newsDetail/12594.html,官网url.txt,1
mssdpqfybj.cn,https://www.cqsfybjy.com/,,https://www.mssdpqfybj.cn/index.php?m=content&c=index&a=show&catid=40&id=153,官网url.txt,1
msskfyy.com,https://www.cqsfybjy.com/,,http://msskfyy.com/index.php?id=221,官网url.txt,1
mstcm.com.cn,https://www.cqsfybjy.com/,,https://www.mstcm.com.cn/html/recruitment/zhaopin/1231.html,官网url.txt,1
msykxy.cn,https://www.cqsfybjy.com/,,http://www.msykxy.cn/a/news/2021-9-6/2089.html,官网url.txt,1
muchuan.gov.cn,https://www.cqsfybjy.com/,,http://www.muchuan.gov.cn/mcx/gggs/202507/07301b9017ad40c39d2817a4817256a6.shtml,官网url.txt,1
my.gov.cn,https://www.cqsfybjy.com/,,https://www.my.gov.cn/mysrmzf/c100030/202508/571091c2d0b34eb4a04d9c83e235618e.shtml,官网url.txt,1
my8yy.com,https://www.cqsfybjy.com/,,https://my8yy.com/index.php?m=home&c=View&a=index&aid=659,官网url.txt,1
mycdc.cn,https://www.cqsfybjy.com/,,http://www.mycdc.cn/xxgk/zpxx/44333096.html,官网url.txt,1
myflyy.com,https://www.cqsfybjy.com/,,http://www.myflyy.com/?news/2448.html,官网url.txt,1
myrsks.com.cn,https://www.cqsfybjy.com/,,http://www.myrsks.com.cn/newsDetail/10018.html,官网url.txt,1
mysfybjy.cn,https://www.cqsfybjy.com/,,https://www.mysfybjy.cn/news/detail.aspx?detailid=7648&categoryid=15,官网url.txt,1
mysfybjy.com,https://www.cqsfybjy.com/,,http://www.mysfybjy.com/index.aspx,官网url.txt,1
mysgkyy.com,https://www.cqsfybjy.com/,,http://www.mysgkyy.com/Article/info.aspx?tid=1120&cid=1&cnd=2674&other=0,官网url.txt,1
mysrmyy.com,https://www.cqsfybjy.com/,,http://www.mysrmyy.com/video/2021/Pdy8nzbQ.html,官网url.txt,1
myszlyy.cn,https://www.cqsfybjy.com/,,http://www.myszlyy.cn/detail/819.html,官网url.txt,1
myztxyy.com,https://www.cqsfybjy.com/,,http://www.myztxyy.com/News/HTML/506.html,官网url.txt,1
myzxyy.com,https://www.cqsfybjy.com/,,http://www.myzxyy.com/news_rczp/2021/BeXoGldy.html,官网url.txt,1
mz.gov.cn,https://www.cqsfybjy.com/,,https://www.mz.gov.cn/gk/zfxxgk/fdzdnr/qkly/rsxx/1632012.htm,官网url.txt,1
mz.luzhou.gov.cn,https://www.cqsfybjy.com/,,http://mz.luzhou.gov.cn/gzdt/rsxx/content_966320,官网url.txt,1
naxi.gov.cn,https://www.cqsfybjy.com/,,https://www.naxi.gov.cn/zw/fdzdgknr/rszk/gzgx/content_179286,官网url.txt,1
nbdyyy.com,https://www.cqsfybjy.com/,,http://www.nbdyyy.com/art/2021/9/14/art_94_633168.html,官网url.txt,1
nc120.cn,https://www.cqsfybjy.com/,,https://www.nc120.cn/col.jsp?id=126,官网url.txt,1
ncpta.cn,https://www.cqsfybjy.com/,,http://www.ncpta.cn/newsDetail/8472.html,官网url.txt,1
ncpta.e21cn.com,https://www.cqsfybjy.com/,,http://ncpta.e21cn.com/newsDetail/10056.html,官网url.txt,1
ncxz.org,https://www.cqsfybjy.com/,,http://www.ncxz.org/xzgk/info_list.html?cat=63&curCat=54&type=wz&url=,官网url.txt,1
ncysfybj.com,https://www.cqsfybjy.com/,,http://www.ncysfybj.com/html/xinwendongtai/tongzhigonggao/20241104/6606.html,官网url.txt,1
ncyszyy.cn,https://www.cqsfybjy.com/,,https://www.ncyszyy.cn/sys-nd/595.html,官网url.txt,1
neijiang.gov.cn,https://www.cqsfybjy.com/,,https://www.neijiang.gov.cn/wsj/xxgk/fdzdgknr/zkly/zpxx/202507/6ffcdbe4fcb941b9aba3593a8e02d33b.shtml,官网url.txt,1
neijiangcdc.cn,https://www.cqsfybjy.com/,,http://neijiangcdc.cn/2023/10/6400729.html,官网url.txt,1
neijiangshizhongqu.gov.cn,https://www.cqsfybjy.com/,,https://www.neijiangshizhongqu.gov.cn/szq/gsgg/202506/58b6681a0b6b451a8a47974f24faa394.shtml,官网url.txt,1
newchongqing.wsglw.net,https://www.cqsfybjy.com/,,http://newchongqing.wsglw.net/OtherInfo/NewsShow.aspx?news_id=3c54c2e3-41cb-4298-b1c0-ad5d009e7634,官网url.txt,1
news.cmc.edu.cn,https://www.cqsfybjy.com/,,http://news.cmc.edu.cn/info/1002/24089.htm,官网url.txt,1
ningnan.gov.cn,https://www.cqsfybjy.com/,,http://www.ningnan.gov.cn/xxgk/jbgk/tzgg/202203/t20220325_2185759.html,官网url.txt,1
nj6yy.com,https://www.cqsfybjy.com/,,http://www.nj6yy.com/news/html/148.html,官网url.txt,1
njfyjsfwzx.cn,https://www.cqsfybjy.com/,,http://www.njfyjsfwzx.cn/news/show-1123.html,官网url.txt,1
njfyy.cn,https://www.cqsfybjy.com/,,http://www.njfyy.cn/News/Content/4642,官网url.txt,1
njpta.org.cn,https://www.cqsfybjy.com/,,http://www.njpta.org.cn/newsDetail/11642.html,官网url.txt,1
njwyrmyy.com,https://www.cqsfybjy.com/,,http://www.njwyrmyy.com/newshow.aspx?mid=361&&id=1003,官网url.txt,1
njwyzyy.com,https://www.cqsfybjy.com/,,http://www.njwyzyy.com/newshow.aspx?id=1545&mid=24,官网url.txt,1
njxyy.cn,https://www.cqsfybjy.com/,,https://www.njxyy.cn/information_list/id/1527.html,官网url.txt,1
njxzyy.cn,https://www.cqsfybjy.com/,,http://www.njxzyy.cn/News_view.asp?ID=828,官网url.txt,1
nsmc.edu.cn,https://www.cqsfybjy.com/,,https://www.nsmc.edu.cn/news/59265.html,官网url.txt,1
oa.sahcqmu.com,https://www.cqsfybjy.com/,,https://oa.sahcqmu.com:8090/jobs/news/jobInfo.jsp?jobinfoId=52fa77805ca6429b9a3ed3a1a1b600ff,官网url.txt,1
pcrmy.com,https://www.cqsfybjy.com/,,https://www.pcrmy.com/go.htm?url=xq&k=zhao_biao_gong_gao&id=7781,官网url.txt,1
pcxfybjy.cn,https://www.cqsfybjy.com/,,http://www.pcxfybjy.cn/news-cont.aspx?mid=24&id=1231,官网url.txt,1
pdfy999.com,https://www.cqsfybjy.com/,,https://www.pdfy999.com/article/detail/id/2750.html,官网url.txt,1
pengan.gov.cn,https://www.cqsfybjy.com/,,https://www.pengan.gov.cn/xwdt/tzgg/202309/t20230904_1866917.html,官网url.txt,1
pengxi.gov.cn,https://www.cqsfybjy.com/,,https://www.pengxi.gov.cn/gongkai/show/0df8014dc44030e242445abf339be9d7.html,官网url.txt,1
pengzhou.gov.cn,https://www.cqsfybjy.com/,,http://www.pengzhou.gov.cn/pzs/c111435/2023-08/30/content_858659fbe40247ec895f09d0f2758b5d.shtml,官网url.txt,1
pgjtcdyy.com,https://www.cqsfybjy.com/,,http://www.pgjtcdyy.com/c/2023-06-02/712625.shtml,官网url.txt,1
pgx.gov.cn,https://www.cqsfybjy.com/,,http://www.pgx.gov.cn/zfxxgk/zfxxgknr/tzgg_30945/202508/t20250801_2864015.html,官网url.txt,1
pidu.gov.cn,https://www.cqsfybjy.com/,,http://www.pidu.gov.cn//pidu/c125577/2023-03/27/content_815e9c2e4a334e15a2ac782ceef78d07.shtml,官网url.txt,1
pidu120.com,https://www.cqsfybjy.com/,,https://www.pidu120.com/show/2023/01/05/846.html,官网url.txt,1
piduqu120.com,https://www.cqsfybjy.com/,,http://www.piduqu120.com/web/show.jspx?id=652,官网url.txt,1
pingwu.gov.cn,https://www.cqsfybjy.com/,,http://www.pingwu.gov.cn/pingwu/c115828/202509/ff625cf0ed814804a46040c2e2599f18.shtml,官网url.txt,1
pjx120.cn,https://www.cqsfybjy.com/,,https://www.pjx120.cn/go.htm?url=detail&k=tong_zhi_gong_gao&id=70467,官网url.txt,1
pjx120.com,https://www.cqsfybjy.com/,,http://www.pjx120.com/go.htm?url=detail&k=tong_zhi_gong_gao&id=69369,官网url.txt,1
pjxzyyy.cn,https://www.cqsfybjy.com/,,https://www.pjxzyyy.cn/newsshow.aspx?mid=236&id=11468,官网url.txt,1
pjxzyyy.com,https://www.cqsfybjy.com/,,http://www.pjxzyyy.com/positionshow.aspx?id=51&mid=81,官网url.txt,1
portal.sczy120.com,https://www.cqsfybjy.com/,,https://portal.sczy120.com/rcyj_rczp/2022/Pe99yzeL.html,官网url.txt,1
psqrmyy.com,https://www.cqsfybjy.com/,,https://psqrmyy.com/News/HTML/1748.html,官网url.txt,1
psxyy.org.cn,https://www.cqsfybjy.com/,,https://www.psxyy.org.cn/info/1074/2758.htm,官网url.txt,1
pszyyy.com,https://www.cqsfybjy.com/,,https://www.pszyyy.com/view/2881.html,官网url.txt,1
pujiang.gov.cn,https://www.cqsfybjy.com/,,http://pujiang.gov.cn/pjxzf/c113515/2023-04/20/content_c7b2846b95e44653a4b5bbadce31fbbb.shtml,官网url.txt,1
pujiangbjy.cn,https://www.cqsfybjy.com/,,http://www.pujiangbjy.cn/h-nd-147.html,官网url.txt,1
pxrc.com.cn,https://www.cqsfybjy.com/,,http://www.pxrc.com.cn/Article/Content/ec2863be-6431-4cb5-95b8-701f486fc3ec,官网url.txt,1
pzfjzx.com.cn,https://www.cqsfybjy.com/,,https://www.pzfjzx.com.cn/newshow.aspx?mid=147&id=1161,官网url.txt,1
pzhsxq.gov.cn,https://www.cqsfybjy.com/,,http://www.pzhsxq.gov.cn/zfxxgk/fdzdgknr/tzgg/10151841.shtml,官网url.txt,1
qbj-psychologist.cn,https://www.cqsfybjy.com/,,https://www.qbj-psychologist.cn/news/108.html,官网url.txt,1
qbj.gov.cn,https://www.cqsfybjy.com/,,http://www.qbj.gov.cn/qbjq/c137429/2022-03/24/content_3923426055c842da93bdb8ada5ac0376.shtml,官网url.txt,1
qf.gov.cn,https://www.cqsfybjy.com/,,https://www.qf.gov.cn/qfqrmzf/c100381/pc/content/content_1845749934018322432.html,官网url.txt,1
qgsydw.com,https://www.cqsfybjy.com/,,https://www.qgsydw.com/qgsydw/recruit/comrecruit/20241216/145710.html,官网url.txt,1
qianwei.gov.cn,https://www.cqsfybjy.com/,,http://www.qianwei.gov.cn/qwx/gsgg/202308/cc6b78827fa74f09ab7326e216e334ae.shtml,官网url.txt,1
qicheedu.com,https://www.cqsfybjy.com/,,http://qicheedu.com/list.html?HType=2&CId=620&NId=158286,官网url.txt,1
qionglai.gov.cn,https://www.cqsfybjy.com/,,http://www.qionglai.gov.cn/qlsgzxxw/c151003/2023-10/10/content_6902040cf5db4ff59d019fa4b2f9380e.shtml,官网url.txt,1
qjrmyy.com,https://www.cqsfybjy.com/,,http://www.qjrmyy.com/Recruit/content/j/40.html,官网url.txt,1
qjzxyy.com,https://www.cqsfybjy.com/,,http://www.qjzxyy.com/contents/283/3044.html,官网url.txt,1
ql2hospital.com,https://www.cqsfybjy.com/,,http://www.ql2hospital.com/go.htm?url=news/show&k=zhao_pin_gong_gao&id=66063,官网url.txt,1
quxian.gov.cn,https://www.cqsfybjy.com/,,https://www.quxian.gov.cn/xxgk-show-63617.html,官网url.txt,1
qwxrmyy.com,https://www.cqsfybjy.com/,,http://www.qwxrmyy.com/home/article/detail/id/1785.html,官网url.txt,1
qz.gov.cn,https://www.cqsfybjy.com/,,https://www.qz.gov.cn/art/2025/3/17/art_1229461220_59041324.html,官网url.txt,1
rc114.com,https://www.cqsfybjy.com/,,https://rc114.com/html/zkgg/2023/0830/54376.htm,官网url.txt,1
rc120.com,https://www.cqsfybjy.com/,,http://www.rc120.com/zhaopin/11608.html,官网url.txt,1
rc168.com,https://www.cqsfybjy.com/,,http://www.rc168.com/web/info/detail/8ad2a67792dff92c01932dad5c6f0732,官网url.txt,1
rcqzyy.com,https://www.cqsfybjy.com/,,http://www.rcqzyy.com/html/rszp/22/03/1093.html,官网url.txt,1
rczp.swu.edu.cn,https://www.cqsfybjy.com/,,http://rczp.swu.edu.cn/info/1006/1051.htm,官网url.txt,1
rhcqmu.com,https://www.cqsfybjy.com/,,http://www.rhcqmu.com/pc/lists/detail/s/id/1881,官网url.txt,1
rjh.com.cn,https://www.cqsfybjy.com/,,http://www.rjh.com.cn/2018RJPortal/doc/2021/07/27/57598.shtml,官网url.txt,1
rlzyshbzj.cnbz.gov.cn,https://www.cqsfybjy.com/,,https://rlzyshbzj.cnbz.gov.cn/xwdt/tzgg/23237565.html,官网url.txt,1
rongchang.gov.cn,https://www.cqsfybjy.com/,,http://www.rongchang.gov.cn/bm/qrlsbj/zwgk_70831/zfxxgkml_160179/sydwrygl/zkjz/202506/t20250626_14748485.html,官网url.txt,1
rs.gov.cn,https://www.cqsfybjy.com/,,http://www.rs.gov.cn/info/3490/147060.htm,官网url.txt,1
rsc.cdtc.edu.cn,https://www.cqsfybjy.com/,,https://rsc.cdtc.edu.cn/info/1265/3311.htm,官网url.txt,1
rsc.cqjtu.edu.cn,https://www.cqsfybjy.com/,,https://rsc.cqjtu.edu.cn/info/1039/2647.htm,官网url.txt,1
rsc.cqmu.edu.cn,https://www.cqsfybjy.com/,,https://rsc.cqmu.edu.cn/info/1040/3356.htm,官网url.txt,1
rsc.cqu.edu.cn,https://www.cqsfybjy.com/,,http://rsc.cqu.edu.cn/info/1039/3061.htm,官网url.txt,1
rsc.cqut.edu.cn,https://www.cqsfybjy.com/,,https://rsc.cqut.edu.cn/info/1238/2921.htm,官网url.txt,1
rsc.sanxiau.edu.cn,https://www.cqsfybjy.com/,,http://rsc.sanxiau.edu.cn/info/1065/3076.htm,官网url.txt,1
rsc.sicnu.edu.cn,https://www.cqsfybjy.com/,,https://rsc.sicnu.edu.cn/p/68/?StId=st_app_news_i_x638519088550783592,官网url.txt,1
rsc.swjtu.edu.cn,https://www.cqsfybjy.com/,,https://rsc.swjtu.edu.cn/info/1030/4097.htm,官网url.txt,1
rsj.abazhou.gov.cn,https://www.cqsfybjy.com/,,http://rsj.abazhou.gov.cn/abzrlzyshbzj/c1054343/202310/177fe8747ecd44cba74ccf94bef9ecb2.shtml,官网url.txt,1
rsj.beijing.gov.cn,https://www.cqsfybjy.com/,,http://rsj.beijing.gov.cn/xxgk/gkzp/202108/t20210806_2458312.html,官网url.txt,1
rsj.guang-an.gov.cn,https://www.cqsfybjy.com/,,http://rsj.guang-an.gov.cn/garsj/shhzp/2021-08/05/content_f7302196e6a54d75b15cee49b8fee6f0.shtml,官网url.txt,1
rsj.gz.gov.cn,https://www.cqsfybjy.com/,,http://rsj.gz.gov.cn/ywzt/rszdgg/sydwgkzp/sydwzpgg/content/post_7417630.html,官网url.txt,1
rsj.lsz.gov.cn,https://www.cqsfybjy.com/,,https://rsj.lsz.gov.cn/lszrsks/syryks/202301/t20230129_2428066.html,官网url.txt,1
rsj.panzhihua.gov.cn,https://www.cqsfybjy.com/,,http://rsj.panzhihua.gov.cn/zwgk/tzgg/10098923.shtml,官网url.txt,1
rsj.suining.gov.cn,https://www.cqsfybjy.com/,,https://rsj.suining.gov.cn/xinwen/show/bd42661c39c43976488c5fb7713c6765.html,官网url.txt,1
rsks.gzz.gov.cn,https://www.cqsfybjy.com/,,http://rsks.gzz.gov.cn/newsDetail/25959.html,官网url.txt,1
rst.guizhou.gov.cn,https://www.cqsfybjy.com/,,http://rst.guizhou.gov.cn/zwgk/zdlyxx/sydwgkzp/202109/t20210909_70038368.html,官网url.txt,1
rst.hunan.gov.cn,https://www.cqsfybjy.com/,,http://rst.hunan.gov.cn/rst/xxgk/zpzl/sydwzp/202109/t20210909_20555792.html,官网url.txt,1
rsxrmyy.com,https://www.cqsfybjy.com/,,http://www.rsxrmyy.com/html/2022/xygg_1115/208.html,官网url.txt,1
ruoergai.gov.cn,https://www.cqsfybjy.com/,,https://www.ruoergai.gov.cn/regxrmzf/c100053/202507/fd0e75ec4fef44b9b94e06838e0c38f1.shtml,官网url.txt,1
rwch-cdutcm.com,https://www.cqsfybjy.com/,,https://www.rwch-cdutcm.com/topic/article/00a065ddd00bf0ee2d910e7d8a834e9a,官网url.txt,1
rxzyyy.com,https://www.cqsfybjy.com/,,https://www.rxzyyy.com/zpgg-View-422-1422.html,官网url.txt,1
sacms.com.cn,https://www.cqsfybjy.com/,,https://www.sacms.com.cn/newshow.aspx?mid=1114&id=4122,官网url.txt,1
sahcqmu.com,https://www.cqsfybjy.com/,,https://www.sahcqmu.com/index.php?c=category&id=56,官网url.txt,1
samsph.com,https://www.cqsfybjy.com/,,https://www.samsph.com/edu_grad/2021/7ax5E3by.html,官网url.txt,1
sanxiahr.com,https://www.cqsfybjy.com/,,https://www.sanxiahr.com/notice/453.html,官网url.txt,1
sc4h.com,https://www.cqsfybjy.com/,,http://www.sc4h.com/news_notes_job/2021/GRb4O2aB.html,官网url.txt,1
sc91.org.cn,https://www.cqsfybjy.com/,,"https://www.sc91.org.cn/app/article/content/60607.shtml?ade13a=article,60607",官网url.txt,1
scanju.gov.cn,https://www.cqsfybjy.com/,,https://www.scanju.gov.cn/gongkai/show/b8f3de4fec29905e9070079ec21395c1.html,官网url.txt,1
scbz120.cn,https://www.cqsfybjy.com/,,http://www.scbz120.cn/Item/10624.aspx,官网url.txt,1
scbzzyy.cn,https://www.cqsfybjy.com/,,http://www.scbzzyy.cn/article/ShowArticle.asp?ArticleID=2989,官网url.txt,1
sccdc.cn,https://www.cqsfybjy.com/,,https://www.sccdc.cn/Article/View?id=32095,官网url.txt,1
sccddyxrmyy.cn,https://www.cqsfybjy.com/,,https://www.sccddyxrmyy.cn/index/detail/2396,官网url.txt,1
scctcm.edu.cn,https://www.cqsfybjy.com/,,https://www.scctcm.edu.cn/info/1020/12184.htm,官网url.txt,1
scdl.gov.cn,https://www.cqsfybjy.com/,,http://www.scdl.gov.cn/info/1153/237027.htm,官网url.txt,1
scey.gov.cn,https://www.cqsfybjy.com/,,http://www.scey.gov.cn/zwgk/jbxxgk/rsxx/11126101.html,官网url.txt,1
scgw.gov.cn,https://www.cqsfybjy.com/,,https://www.scgw.gov.cn/Detail.aspx?id=20231025091715418,官网url.txt,1
scgxrmyy.cn,https://www.cqsfybjy.com/,,http://www.scgxrmyy.cn/show-13-2721-1.html,官网url.txt,1
scgxrmyy.com,https://www.cqsfybjy.com/,,http://www.scgxrmyy.com/show-13-2090-1.html,官网url.txt,1
schd.gov.cn,https://www.cqsfybjy.com/,,http://www.schd.gov.cn/hdzx/tzgg/202107/t20210716_1965733.html,官网url.txt,1
schy.gov.cn,https://www.cqsfybjy.com/,,http://www.schy.gov.cn/info/2290/55687.htm,官网url.txt,1
scjysrmyy.cn,https://www.cqsfybjy.com/,,https://www.scjysrmyy.cn/html/News/GongGao/RenYuanZhaoPin/202507/202507039Kx4Ij2Me4Yx44214036.html,官网url.txt,1
sckjxrmyy.cn,https://www.cqsfybjy.com/,,https://sckjxrmyy.cn/view.aspx?id=2087,官网url.txt,1
sckjxrmyy.com,https://www.cqsfybjy.com/,,http://www.sckjxrmyy.com/view-1856.html,官网url.txt,1
scls.gov.cn,https://www.cqsfybjy.com/,,http://www.scls.gov.cn/lsxrmzf/rszkxx/2023-04/19/content_23d832e9d36c4f89a84bb1b83111775c.shtml,官网url.txt,1
sclxrmyy.com.cn,https://www.cqsfybjy.com/,,https://www.sclxrmyy.com.cn/html/y2022/826.html,官网url.txt,1
sclz120.cn,https://www.cqsfybjy.com/,,https://www.sclz120.cn/news_show.aspx?id=12613&channel=news,官网url.txt,1
scmiyi.gov.cn,https://www.cqsfybjy.com/,,http://www.scmiyi.gov.cn/zwgk/gsgg/10127929.shtml,官网url.txt,1
scnanbu.gov.cn,https://www.cqsfybjy.com/,,https://www.scnanbu.gov.cn/zwgk/fdzdgknr/zkly/klxx/202507/t20250731_2233572.html,官网url.txt,1
scnj.gov.cn,https://www.cqsfybjy.com/,,http://www.scnj.gov.cn/ywdt/gsgg/13795081.html,官网url.txt,1
scnjdx.gov.cn,https://www.cqsfybjy.com/,,https://www.scnjdx.gov.cn/dxq/gsgg2/202509/419fea61f0ad43a19882195c038a866c.shtml,官网url.txt,1
scnjnews.com,https://www.cqsfybjy.com/,,https://www.scnjnews.com/content/2024-04/22/content_6598150.html,官网url.txt,1
scpaxrmyy.com,https://www.cqsfybjy.com/,,https://www.scpaxrmyy.com/rencaiduiwujianshe/202109248170.html,官网url.txt,1
scpc.gov.cn,https://www.cqsfybjy.com/,,http://www.scpc.gov.cn/public/6602161/14023802.html,官网url.txt,1
scps.gov.cn,https://www.cqsfybjy.com/,,https://www.scps.gov.cn/info/5631/124897.htm,官网url.txt,1
scpta.com.cn,https://www.cqsfybjy.com/,,https://www.scpta.com.cn/content-108-41AC15EC57AF368A,官网url.txt,1
scrc168.com,https://www.cqsfybjy.com/,,https://www.scrc168.com/WebSite/UI_1Home/NewsInfo?index=0&type=NewsList&Guid=NEWS7D9577CD52510334685AC9F917C7C95C,官网url.txt,1
screnhe.gov.cn,https://www.cqsfybjy.com/,,http://www.screnhe.gov.cn/zwgk/jbxxgk/gsgg/10022337.shtml,官网url.txt,1
scsjsyxzx.cn,https://www.cqsfybjy.com/,,https://www.scsjsyxzx.cn/tender_job/2026/1aM81AeW.html,官网url.txt,1
scsjsyxzx.com,https://www.cqsfybjy.com/,,http://www.scsjsyxzx.com/tender_job/2021/J0dNRDdL.html,官网url.txt,1
scstxzyy.com,https://www.cqsfybjy.com/,,http://www.scstxzyy.com/Article/detail/id/1169,官网url.txt,1
scstyjryy.cn,https://www.cqsfybjy.com/,,https://www.scstyjryy.cn/go.htm?k=ren_cai_zhao_pin&url=dqgzxq&id=74599,官网url.txt,1
scstyjryy.com,https://www.cqsfybjy.com/,,http://www.scstyjryy.com/go.htm?k=ren_cai_zhao_pin&url=dqgzxq&id=68460,官网url.txt,1
scswyy.com,https://www.cqsfybjy.com/,,http://www.scswyy.com/hr_info/2023/YQdJ9PbO.html,官网url.txt,1
scsyashyxrmyy.cn,https://www.cqsfybjy.com/,,https://www.scsyashyxrmyy.cn/index.php?c=show&id=706,官网url.txt,1
sctcm.sc.gov.cn,https://www.cqsfybjy.com/,,https://sctcm.sc.gov.cn/sctcm/gggs/2025/7/22/9950534d83b643a8b085030f4da11e60.shtml,官网url.txt,1
sctcm120.cdutcm.edu.cn,https://www.cqsfybjy.com/,,http://sctcm120.cdutcm.edu.cn/get/news/lcyxyxwzd/rczph/2021-09/17109.html,官网url.txt,1
sctcm120.cn,https://www.cqsfybjy.com/,,https://www.sctcm120.cn//info/1093/18459.htm,官网url.txt,1
scun.edu.cn,https://www.cqsfybjy.com/,,https://www.scun.edu.cn/info/1027/24243.htm,官网url.txt,1
scvtc.edu.cn,https://www.cqsfybjy.com/,,https://www.scvtc.edu.cn/info/1046/23161.htm,官网url.txt,1
scxd.gov.cn,https://www.cqsfybjy.com/,,http://www.scxd.gov.cn/zfxxgk/zfxxgknr/rszk/202412/t20241219_2770131.html,官网url.txt,1
scyanbian.gov.cn,https://www.cqsfybjy.com/,,http://www.scyanbian.gov.cn/zwgk/gsgg/10112574.shtml,官网url.txt,1
scyc.gov.cn,https://www.cqsfybjy.com/,,http://www.scyc.gov.cn/ycxrmzfw/zklv/2023-10/12/content_d176486d5147477783e29419a586a47d.shtml,官网url.txt,1
scyesz.edu.cn,https://www.cqsfybjy.com/,,https://www.scyesz.edu.cn/info/1321/70281.htm,官网url.txt,1
scyx.gov.cn,https://www.cqsfybjy.com/,,http://www.scyx.gov.cn/xxgk/zfxxgknr/rszk/rszk2/202506/t20250604_2840979.html,官网url.txt,1
sdzx.net,https://www.cqsfybjy.com/,,https://www.sdzx.net//engine2/d/55362831/4729016/0,官网url.txt,1
sf120.net.cn,https://www.cqsfybjy.com/,,http://sf120.net.cn/public/cms/zhaopinxinxi/1035.html,官网url.txt,1
shangshuyixue.com,https://www.cqsfybjy.com/,,https://www.shangshuyixue.com/hire/detail?ID=10896,官网url.txt,1
shawan.gov.cn,https://www.cqsfybjy.com/,,http://www.shawan.gov.cn/swq/gsggsw/202506/39595be38bb44fbd91b98032d62468d0.shtml,官网url.txt,1
shehong.gov.cn,https://www.cqsfybjy.com/,,https://www.shehong.gov.cn/gongkai/show/0593791b83a3c2d9b1b84f092b517102.html,官网url.txt,1
shehong120.com,https://www.cqsfybjy.com/,,http://www.shehong120.com/news_rczp/2022/ZdPNMnaK.html,官网url.txt,1
shifang.gov.cn,https://www.cqsfybjy.com/,,http://www.shifang.gov.cn/gk/wzdh/fjbm/frsj/xwdt/gsgg/10019864.htm,官网url.txt,1
shimian.gov.cn,https://www.cqsfybjy.com/,,http://www.shimian.gov.cn/gongkai/show/272d5ea3d423e310a5678e903afa4bb6.html,官网url.txt,1
shuangliu.gov.cn,https://www.cqsfybjy.com/,,http://www.shuangliu.gov.cn/gkml/cdsslqrlzyhshbzj/zkly/1161293847829938176.shtml,官网url.txt,1
shunqing.gov.cn,https://www.cqsfybjy.com/,,https://www.shunqing.gov.cn/xwdt/tzgg/202311/t20231101_1892496.html,官网url.txt,1
shxzyy.com,https://www.cqsfybjy.com/,,http://shxzyy.com/detail/204/2377/,官网url.txt,1
slrc114.cn,https://www.cqsfybjy.com/,,https://slrc114.cn/public/announcement/1722900146417410050,官网url.txt,1
sncsyy.com,https://www.cqsfybjy.com/,,http://www.sncsyy.com/index.php/tzgg/3360.html,官网url.txt,1
snjkq.suining.gov.cn,https://www.cqsfybjy.com/,,https://snjkq.suining.gov.cn/xinwen/show/d112482a52a74d8c888230b3954b1de1.html,官网url.txt,1
snmhc.org,https://www.cqsfybjy.com/,,http://www.snmhc.org/news/tongzhigonggao/1124.html,官网url.txt,1
sns120.com,https://www.cqsfybjy.com/,,http://www.sns120.com/a/n7/202212/13745.html,官网url.txt,1
snszyy.cn,https://www.cqsfybjy.com/,,https://www.snszyy.cn/show/3469.html,官网url.txt,1
snszyy.com,https://www.cqsfybjy.com/,,https://www.snszyy.com/a/zhaopingonggao/20230630/2079.html,官网url.txt,1
srsj.cngy.gov.cn,https://www.cqsfybjy.com/,,https://srsj.cngy.gov.cn/New/Detail/3cf1d24030714ac4b5b72bb8d6211669.html,官网url.txt,1
srsj.ziyang.gov.cn,https://www.cqsfybjy.com/,,http://srsj.ziyang.gov.cn/zyks/news/show-10178.html,官网url.txt,1
static.e21cn.com,https://www.cqsfybjy.com/,,http://static.e21cn.com/tools/file.ashx?id=d733c652b499ba0f338f09bf0f41cc3e,官网url.txt,1
stxfybj.com,https://www.cqsfybjy.com/,,https://stxfybj.com/news/detail/?cid=24&id=1345,官网url.txt,1
stxyy.com,https://www.cqsfybjy.com/,,http://www.stxyy.com/zh/news/b/,官网url.txt,1
svchr.edu.cn,https://www.cqsfybjy.com/,,http://www.svchr.edu.cn/View.aspx?Cid=55&Id=16629,官网url.txt,1
svtcc.edu.cn,https://www.cqsfybjy.com/,,http://www.svtcc.edu.cn/info/1011/11572.htm,官网url.txt,1
swjw.leshan.gov.cn,https://www.cqsfybjy.com/,,https://swjw.leshan.gov.cn/swjj/tzgg/202507/04f5adbee1454056b0156306c39d0dfc.shtml,官网url.txt,1
swmctcm.com,https://www.cqsfybjy.com/,,http://www.swmctcm.com/html/rencaizhaopin/2023030210755.html,官网url.txt,1
swmu.edu.cn,https://www.cqsfybjy.com/,,https://www.swmu.edu.cn/info/1078/10925.htm,官网url.txt,1
swmutcm.net.cn,https://www.cqsfybjy.com/,,https://www.swmutcm.net.cn/info/1029/108511.htm,官网url.txt,1
swpu.edu.cn,https://www.cqsfybjy.com/,,https://www.swpu.edu.cn/nc/info/1133/15339.htm,官网url.txt,1
sxyyc.bysjy.com.cn,https://www.cqsfybjy.com/,,http://sxyyc.bysjy.com.cn/detail/online?id=1805865,官网url.txt,1
taishuai.cn,https://www.cqsfybjy.com/,,http://www.taishuai.cn/,官网url.txt,1
tcd120.com,https://www.cqsfybjy.com/,,http://www.tcd120.com,官网url.txt,1
tchuan.gov.cn,https://www.cqsfybjy.com/,,https://www.tchuan.gov.cn/xxgk-show-46195.html,官网url.txt,1
tfahswmu.cn,https://www.cqsfybjy.com/,,https://www.tfahswmu.cn/gzb_yygg_zpxx/010012800001704.html,官网url.txt,1
tfjy.gov.cn,https://www.cqsfybjy.com/,,http://www.tfjy.gov.cn/gk/zfxxgk/rsqk/syclryly/1719891.htm,官网url.txt,1
tfswufe.edu.cn,https://www.cqsfybjy.com/,,https://www.tfswufe.edu.cn/info/1585/37431.htm,官网url.txt,1
tjxzf.gov.cn,https://www.cqsfybjy.com/,,http://www.tjxzf.gov.cn/xxgk/jbxxgk/rsxx/13833222.html,官网url.txt,1
tlxrmyy.net,https://www.cqsfybjy.com/,,http://www.tlxrmyy.net/yydt/news/202307112104.html,官网url.txt,1
tmmu.edu.cn,https://www.cqsfybjy.com/,,https://www.tmmu.edu.cn/news_view.aspx?id=3829,官网url.txt,1
uland.taobao.com,https://www.cqsfybjy.com/,,https://uland.taobao.com/sem/tbsearch?keyword=%E8%BD%A6%E7%94%A8%E5%8F%8C%E9%9D%A2%E8%83%B6+%E6%9E%97%E5%B7%A5&refpid=mm_26632360_8858797_49451850422&clk1=11dca5c38f0c9ec9c1fcc2c70667ec90&upsId=11dca5c38f0c9ec9c1fcc2c70667ec90,官网url.txt,1
wangcang120.com,https://www.cqsfybjy.com/,,https://www.wangcang120.com/nd.jsp?fromColId=112&id=1391,官网url.txt,1
wanyuan.gov.cn,https://www.cqsfybjy.com/,,http://www.wanyuan.gov.cn/show/2021/08/18/165317.html,官网url.txt,1
wap.pidu.gov.cn,https://www.cqsfybjy.com/,,http://wap.pidu.gov.cn/pidu/c125580/2024-04/01/content_c38dab96ce0245a7b1f274dfb47bae4d.shtml,官网url.txt,1
wc4hospital.scu.edu.cn,https://www.cqsfybjy.com/,,http://wc4hospital.scu.edu.cn/info/1006/12231.htm,官网url.txt,1
wcemh.cn,https://www.cqsfybjy.com/,,https://wcemh.cn/contents/75/660.html,官网url.txt,1
wcfybjy.cn,https://www.cqsfybjy.com/,,http://www.wcfybjy.cn/nd.jsp?fromColId=2&id=154,官网url.txt,1
wcsph.scu.edu.cn,https://www.cqsfybjy.com/,,https://wcsph.scu.edu.cn/info/1027/9363.htm,官网url.txt,1
wctfh.cn,https://www.cqsfybjy.com/,,http://www.wctfh.cn/info/1383/2110.htm,官网url.txt,1
wcxrmyy.cn,https://www.cqsfybjy.com/,,https://www.wcxrmyy.cn/nd.jsp?fromColId=112&id=1780,官网url.txt,1
weirenjob.com,https://www.cqsfybjy.com/,,https://www.weirenjob.com/article/240205/1183641.shtml,官网url.txt,1
weiyuan.gov.cn,https://www.cqsfybjy.com/,,https://www.weiyuan.gov.cn//wyx/gsgg/202510/efcf56bb602240e7970e0a7409cfb9d8.shtml,官网url.txt,1
wenchuan.gov.cn,https://www.cqsfybjy.com/,,http://www.wenchuan.gov.cn/wcxrmzf/c100053/202302/39e8a1ad7bee47149d37a9c070e85731.shtml,官网url.txt,1
wenjiang.gov.cn,https://www.cqsfybjy.com/,,http://www.wenjiang.gov.cn/wjzzw/rszk/2023-08/30/content_be673b8a237148dd8831ec20a2232a87.shtml,官网url.txt,1
whq120.com,https://www.cqsfybjy.com/,,http://www.whq120.com/news_offer/show1023/,官网url.txt,1
whxgp.cd120.com,https://www.cqsfybjy.com/,,https://whxgp.cd120.com/index.html,官网url.txt,1
wjw.abazhou.gov.cn,https://www.cqsfybjy.com/,,http://wjw.abazhou.gov.cn/abwjw/c100004/202304/f3e87b6ba03a43409452a228d2cba4f8.shtml,官网url.txt,1
wjw.ah.gov.cn,https://www.cqsfybjy.com/,,http://wjw.ah.gov.cn/public/7001/55889571.html,官网url.txt,1
wjw.dazhou.gov.cn,https://www.cqsfybjy.com/,,https://wjw.dazhou.gov.cn/news-show-14798.html,官网url.txt,1
wjw.deyang.gov.cn,https://www.cqsfybjy.com/,,http://wjw.deyang.gov.cn/dyjk/gzdt/1575756.htm,官网url.txt,1
wjw.lsz.gov.cn,https://www.cqsfybjy.com/,,http://wjw.lsz.gov.cn/zfxxgk/fdzdgknr/tzgg_30779/202203/t20220322_2183424.html,官网url.txt,1
wjw.luzhou.gov.cn,https://www.cqsfybjy.com/,,http://wjw.luzhou.gov.cn/xwdt/gsgg/content_818288,官网url.txt,1
wjw.my.gov.cn,https://www.cqsfybjy.com/,,https://wjw.my.gov.cn/myswjw/c101434/202508/9309cf2e001d427392240df504c7e40a.shtml,官网url.txt,1
wjw.panzhihua.gov.cn,https://www.cqsfybjy.com/,,http://wjw.panzhihua.gov.cn/zwgk/tzgg/4429175.shtml,官网url.txt,1
wsjkw.cnbz.gov.cn,https://www.cqsfybjy.com/,,http://wsjkw.cnbz.gov.cn/xxgk/tzgg/20293771.html,官网url.txt,1
wsjsw.cngy.gov.cn,https://www.cqsfybjy.com/,,https://wsjsw.cngy.gov.cn/new/show/84be11dcb4dd46ef9b2267a9c9ca2046.html,官网url.txt,1
wtq.gov.cn,https://www.cqsfybjy.com/,,http://www.wtq.gov.cn/wtqq/gsggwtq/202407/9dc84f23da6a445c96b5a66ef3cc5fe2.shtml,官网url.txt,1
wtqqrmyy.cn,https://www.cqsfybjy.com/,,https://www.wtqqrmyy.cn/article/1327/10.html,官网url.txt,1
wtqqrmyy.com,https://www.cqsfybjy.com/,,http://www.wtqqrmyy.com/index/article/detail/id/760.html,官网url.txt,1
wtzyy.com,https://www.cqsfybjy.com/,,http://www.wtzyy.com/html/xxzx/02/478.html,官网url.txt,1
wyszxyy.com,https://www.cqsfybjy.com/,,http://www.wyszxyy.com//go.htm?k=tong_zhi_gong_gao_2&url=xq&id=65606,官网url.txt,1
wyxzyyy.cn,https://www.cqsfybjy.com/,,http://www.wyxzyyy.cn/newshow.aspx?mid=24&id=2570,官网url.txt,1
wz.gov.cn,https://www.cqsfybjy.com/,,http://www.wz.gov.cn/zwgk_266/qtzfxxgk/sydwzk/202309/t20230911_12326430.html,官网url.txt,1
xdqfby.cn,https://www.cqsfybjy.com/,,https://www.xdqfby.cn/xinwen/tongzhi/67bb8a4c404eb6c273566282ffde1dd7.html,官网url.txt,1
xdqfby.com,https://www.cqsfybjy.com/,,https://www.xdqfby.com/xinwen/tongzhi/1732874555765.html,官网url.txt,1
xh.my.gov.cn,https://www.cqsfybjy.com/,,https://xh.my.gov.cn/xh/c102472/202508/9eaddb96979f458cad594faaa0ce762c.shtml,官网url.txt,1
xhhosp.com,https://www.cqsfybjy.com/,,http://www.xhhosp.com/yiyuangonggao/20230516/7680.html,官网url.txt,1
xhu.edu.cn,https://www.cqsfybjy.com/,,http://www.xhu.edu.cn/04/1b/c3712a197659/page.htm,官网url.txt,1
xhxsyy.com,https://www.cqsfybjy.com/,,http://www.xhxsyy.com/gonggaoxinwen/yiyuangonggao/20230621/202.html,官网url.txt,1
xiangyacd.com.cn,https://www.cqsfybjy.com/,,http://www.xiangyacd.com.cn/cn/info_25.aspx?itemid=335809,官网url.txt,1
xiaojin.gov.cn,https://www.cqsfybjy.com/,,http://www.xiaojin.gov.cn/xjxrmzf/c100053/202502/ddf379349de948d7988701f9d9aaf457.shtml,官网url.txt,1
xichang.gov.cn,https://www.cqsfybjy.com/,,http://www.xichang.gov.cn/zfxxgk/zfxxgknr/rszk/202302/t20230214_2437128.html,官网url.txt,1
xindu.gov.cn,https://www.cqsfybjy.com/,,http://www.xindu.gov.cn/xdqzfmhwz/c139846/2023-08/30/content_7d32ecd29bcf4e15901361f70cc14762.shtml,官网url.txt,1
xinjin.gov.cn,https://www.cqsfybjy.com/,,http://www.xinjin.gov.cn/xjxrmzf/c125685/2023-08/30/content_649c8bc0cac74f6eaa3012e0a7d0c6b4.shtml,官网url.txt,1
xjxzyyy.com,https://www.cqsfybjy.com/,,http://www.xjxzyyy.com/index.php/index-view-aid-1590.html,官网url.txt,1
xn120.mil.cn,https://www.cqsfybjy.com/,,http://www.xn120.mil.cn/info/1003/5048.htm,官网url.txt,1
xnyy.cn,https://www.cqsfybjy.com/,,http://www.xnyy.cn/info/1037/14009.htm,官网url.txt,1
xuanhan.gov.cn,https://www.cqsfybjy.com/,,http://www.xuanhan.gov.cn/news-show-38824.html,官网url.txt,1
xuyong.gov.cn,https://www.cqsfybjy.com/,,https://www.xuyong.gov.cn/zwgk/fdzdgknr/rsxx/rszk/content_129821,官网url.txt,1
xyxrmyy.com.cn,https://www.cqsfybjy.com/,,https://www.xyxrmyy.com.cn/Article/ShowArticle.asp?ArticleID=1951,官网url.txt,1
yalwgs.com,https://www.cqsfybjy.com/,,http://www.yalwgs.com/Home/NewsDetail?id=3817,官网url.txt,1
yanting.gov.cn,https://www.cqsfybjy.com/,,http://www.yanting.gov.cn/yanting/c118278/202508/2f376834346344a4a31c91bcd77b11f5.shtml,官网url.txt,1
yanting120.com,https://www.cqsfybjy.com/,,http://www.yanting120.com/portal/article/index/id/1016.html,官网url.txt,1
yanyuan.gov.cn,https://www.cqsfybjy.com/,,http://www.yanyuan.gov.cn/zfxxgk/zfxxgknr/rszk/202312/t20231228_2608007.html,官网url.txt,1
yarsks.com.cn,https://www.cqsfybjy.com/,,http://www.yarsks.com.cn/newsDetail/7562.html,官网url.txt,1
yascdc.cn,https://www.cqsfybjy.com/,,https://www.yascdc.cn/Article/View?id=17349,官网url.txt,1
yazjy.com,https://www.cqsfybjy.com/,,https://www.yazjy.com/xwzx/tzgg/5261.html,官网url.txt,1
yb5yy.cn,https://www.cqsfybjy.com/,,https://www.yb5yy.cn/go.htm?url=detail&id=74124,官网url.txt,1
ybcpfy.com,https://www.cqsfybjy.com/,,http://www.ybcpfy.com/show-22-299-1.html,官网url.txt,1
ybrsks.com.cn,https://www.cqsfybjy.com/,,https://www.ybrsks.com.cn/,官网url.txt,1
ybsd6rmyy.cn,https://www.cqsfybjy.com/,,https://www.ybsd6rmyy.cn/index.php?m=content&c=index&a=show&catid=11&id=1514,官网url.txt,1
ybsd6rmyy.com,https://www.cqsfybjy.com/,,https://www.ybsd6rmyy.com/index.php?m=content&c=index&a=show&catid=11&id=1061,官网url.txt,1
ybsgxzyy.cn,https://www.cqsfybjy.com/,,https://ybsgxzyy.cn/index/detail/1364,官网url.txt,1
ybssyy.com,https://www.cqsfybjy.com/,,https://www.ybssyy.com/news/notice/4901.html,官网url.txt,1
ybsxzqrmyy.com,https://www.cqsfybjy.com/,,http://www.ybsxzqrmyy.com/index.php?m=content&c=index&a=show&catid=11&id=712,官网url.txt,1
ybwjw.yibin.gov.cn,https://www.cqsfybjy.com/,,http://ybwjw.yibin.gov.cn/tzgg/202311/t20231117_1926092.html,官网url.txt,1
ycxrmyy.net,https://www.cqsfybjy.com/,,http://www.ycxrmyy.net/tzgg/zpxx/2022-11-04/3263.html,官网url.txt,1
yilong.gov.cn,https://www.cqsfybjy.com/,,https://www.yilong.gov.cn/zwgk/fdzdgknr/zkly/202303/t20230331_1804326.html,官网url.txt,1
yizhaopin123.com,https://www.cqsfybjy.com/,,http://www.yizhaopin123.com/front/jobDetail?id=83dc473ecf924df09840847795844b40 | http://yizhaopin123.com:8010/front/jobDetail?id=93a0d81fd70f4181bc08145793a62f11,官网url.txt,2
ylx120.com,https://www.cqsfybjy.com/,,https://www.ylx120.com/cms/show-2155.html,官网url.txt,1
youyang.gov.cn,https://www.cqsfybjy.com/,,http://youyang.gov.cn/bmjz_sites/bm/rlsbj/zwxx_104131/gsgg/202408/t20240820_13524123.html,官网url.txt,1
yunyang.gov.cn,https://www.cqsfybjy.com/,,https://www.yunyang.gov.cn/bm_257/xrlsbj/zwgk_62088/jczfxxgk/zdxxgs/202408/t20240815_13503166.html,官网url.txt,1
yyx120.com,https://www.cqsfybjy.com/,,http://www.yyx120.com/newshow.aspx?mid=418&&id=1388,官网url.txt,1
yzyfy-120.com,https://www.cqsfybjy.com/,,http://www.yzyfy-120.com/news/yzyfy_03/2023721/2006.html,官网url.txt,1
zg.gov.cn,https://www.cqsfybjy.com/,,http://www.zg.gov.cn/web/srlzyshbzj/dep_tzgg/-/articles/20175024.shtml,官网url.txt,1
zgdy120.com,https://www.cqsfybjy.com/,,https://www.zgdy120.com/a/djgz/yiyuangonggao/2023/1018/5760.html,官网url.txt,1
zgdy120.org.cn,https://www.cqsfybjy.com/,,http://www.zgdy120.org.cn/index.php?c=show&id=7163,官网url.txt,1
zgfybj.net,https://www.cqsfybjy.com/,,http://www.zgfybj.net/xwzx_tzgg_rczp-View-44-5102.html,官网url.txt,1
zgnx.gov.cn,https://www.cqsfybjy.com/,,http://www.zgnx.gov.cn/news/nanxiyaowen/bmdt/1225765.jhtml,官网url.txt,1
zgrc114.com,https://www.cqsfybjy.com/,,https://www.zgrc114.com/article/index.php?c=show&id=3363,官网url.txt,1
zgrc114.com.cn,https://www.cqsfybjy.com/,,https://www.zgrc114.com.cn/article/index.php?c=show&id=3544,官网url.txt,1
zgrsks.com.cn,https://www.cqsfybjy.com/,,http://www.zgrsks.com.cn/newsDetail/12442.html,官网url.txt,1
zgrxrmyy.com,https://www.cqsfybjy.com/,,http://www.zgrxrmyy.com/Recruit-View-41-2045.html,官网url.txt,1
zgsfybjy.cn,https://www.cqsfybjy.com/,,https://www.zgsfybjy.cn/xwzx_tzgg_rczp-View-44-11340.html,官网url.txt,1
zgtcm.net,https://www.cqsfybjy.com/,,http://www.zgtcm.net/zp-View-191-14575.html,官网url.txt,1
zgzyjk.com,https://www.cqsfybjy.com/,,http://www.zgzyjk.com/zp-View-191-7796.html,官网url.txt,1
zhaojue.gov.cn,https://www.cqsfybjy.com/,,http://www.zhaojue.gov.cn/xxgk/zdxxgk_34509/tzgg_34425/202508/t20250801_2863857.html,官网url.txt,1
zhaopin.cqmu.edu.cn,https://www.cqsfybjy.com/,,http://zhaopin.cqmu.edu.cn/zpself/main.jsp,官网url.txt,1
zhong.xjxzyyy.com,https://www.cqsfybjy.com/,,https://zhong.xjxzyyy.com/index.php/index-view-aid-1117.html,官网url.txt,1
zhongjiang.gov.cn,https://www.cqsfybjy.com/,,https://www.zhongjiang.gov.cn/gk/zwgk/fdzdxxgk/qkly/syclks/1621158.htm,官网url.txt,1
zhongxian.gov.cn,https://www.cqsfybjy.com/,,http://www.zhongxian.gov.cn/bm/zxrlsbj/gggsrlsbj/202308/t20230816_12244301.html,官网url.txt,1
zitong.gov.cn,https://www.cqsfybjy.com/,,http://www.zitong.gov.cn/xwzx/gggs/44383276.html,官网url.txt,1
zizhong.gov.cn,https://www.cqsfybjy.com/,,https://www.zizhong.gov.cn/zzx/gsgg/202506/56dff393ae234287bb57547bc74be338.shtml,官网url.txt,1
zjxjjzx.cn,https://www.cqsfybjy.com/,,http://www.zjxjjzx.cn/a/gongshigonggao/2022/1124/552.html,官网url.txt,1
zp.fyyy.com,https://www.cqsfybjy.com/,,https://zp.fyyy.com/,官网url.txt,1
zssy.com.cn,https://www.cqsfybjy.com/,,https://www.zssy.com.cn/Home/ContentDetail/zssy?articleID=112013,官网url.txt,1
ztxbjy.cn,https://www.cqsfybjy.com/,,https://www.ztxbjy.cn/contents/43/302.html,官网url.txt,1
zydsyy120.com,https://www.cqsfybjy.com/,,https://www.zydsyy120.com/go.htm?url=article_detail&id=7679,官网url.txt,1
zypta.org.cn,https://www.cqsfybjy.com/,,https://www.zypta.org.cn/zyks/news/show/17776,官网url.txt,1
zysyjqrmyy.com,https://www.cqsfybjy.com/,,http://www.zysyjqrmyy.com/newsinfo/2428527.html,官网url.txt,1
zzrmyy120.com,https://www.cqsfybjy.com/,,https://www.zzrmyy120.com/go.htm?url=news_detail&id=68752,官网url.txt,1
